generate_trend_drift;1;20000;ADWIN;increase_lr_only;16;16;1.0646937301151342;0.8189222885316931;0.8194718792687079
generate_trend_drift;1;20000;ADWIN;increase_lr_only;16;32;1.0515197199008663;0.8163821321260396;0.815903927455302
generate_trend_drift;1;20000;ADWIN;increase_lr_only;16;64;1.0717644206165182;0.8251842138349693;0.824561363204477
generate_trend_drift;1;20000;ADWIN;increase_lr_only;32;16;1.0532932099798809;0.8140664697507486;0.8157187703025277
generate_trend_drift;1;20000;ADWIN;increase_lr_only;32;32;1.0523540697200122;0.8164019152779121;0.816307852848415
generate_trend_drift;1;20000;ADWIN;increase_lr_only;32;64;1.0740503003740056;0.8257274613333879;0.8254630166782777
generate_trend_drift;1;20000;ADWIN;increase_lr_only;64;16;1.0578939001553627;0.8147441073319721;0.81717978748022
generate_trend_drift;1;20000;ADWIN;increase_lr_only;64;32;1.0510710379395367;0.8145864485679635;0.8159056361951532
generate_trend_drift;1;20000;ADWIN;increase_lr_only;64;64;1.0731700964777344;0.8245411134934288;0.8250952736600893
generate_trend_drift;1;20000;ADWIN;increase_and_decay_lr;16;16;1.1293499874903148;0.8355203072290274;0.8355700747489115
generate_trend_drift;1;20000;ADWIN;increase_and_decay_lr;16;32;1.046056986853779;0.8135263554460026;0.8132298125883936
generate_trend_drift;1;20000;ADWIN;increase_and_decay_lr;16;64;1.0444138099938967;0.8139508209657512;0.8134075511519829
generate_trend_drift;1;20000;ADWIN;increase_and_decay_lr;32;16;1.1466106073706106;0.8384758060658319;0.8404267832188336
generate_trend_drift;1;20000;ADWIN;increase_and_decay_lr;32;32;1.0499136523943864;0.8142122224608698;0.8145522537077061
generate_trend_drift;1;20000;ADWIN;increase_and_decay_lr;32;64;1.0448697834306717;0.8139295071352897;0.8136970141763763
generate_trend_drift;1;20000;ADWIN;increase_and_decay_lr;64;16;1.1452620107514404;0.8382521518344496;0.8398867873175976
generate_trend_drift;1;20000;ADWIN;increase_and_decay_lr;64;32;1.0485990537578151;0.813401641711376;0.8143954249939778
generate_trend_drift;1;20000;ADWIN;increase_and_decay_lr;64;64;1.0459248134358499;0.8136109672805764;0.8140941284463127
generate_trend_drift;1;20000;PageHinkley;increase_lr_only;16;16;1.0544473607001665;0.8154121326984466;0.8159032123009737
generate_trend_drift;1;20000;PageHinkley;increase_lr_only;16;32;1.0469646806184658;0.8148242291399166;0.8143130922339576
generate_trend_drift;1;20000;PageHinkley;increase_lr_only;16;64;1.071275468670072;0.8250706480704446;0.8243937576622117
generate_trend_drift;1;20000;PageHinkley;increase_lr_only;32;16;1.050831044040962;0.8138391272818725;0.8148982950093714
generate_trend_drift;1;20000;PageHinkley;increase_lr_only;32;32;1.0520400324214265;0.8166093549029383;0.8165185126925234
generate_trend_drift;1;20000;PageHinkley;increase_lr_only;32;64;1.0723271371149534;0.8251972540393694;0.8249063879946987
generate_trend_drift;1;20000;PageHinkley;increase_lr_only;64;16;1.0551508048913374;0.8143330835345403;0.8162444516366877
generate_trend_drift;1;20000;PageHinkley;increase_lr_only;64;32;1.0498504274858493;0.8142662281237965;0.8154469780724071
generate_trend_drift;1;20000;PageHinkley;increase_lr_only;64;64;1.0734645746907767;0.8247295435350608;0.8253450210906571
generate_trend_drift;1;20000;PageHinkley;increase_and_decay_lr;16;16;1.1316712670760782;0.8356955242060579;0.8367720492858234
generate_trend_drift;1;20000;PageHinkley;increase_and_decay_lr;16;32;1.0431243968756005;0.8126058624041993;0.8121135932683432
generate_trend_drift;1;20000;PageHinkley;increase_and_decay_lr;16;64;1.0453641494789496;0.8143095339673139;0.8137917892813155
generate_trend_drift;1;20000;PageHinkley;increase_and_decay_lr;32;16;1.1332020398331457;0.8361039637337385;0.8370579611685408
generate_trend_drift;1;20000;PageHinkley;increase_and_decay_lr;32;32;1.0448656856549288;0.8129443565011477;0.8128535544972879
generate_trend_drift;1;20000;PageHinkley;increase_and_decay_lr;32;64;1.0459285675054086;0.8142211116182164;0.8140631974540435
generate_trend_drift;1;20000;PageHinkley;increase_and_decay_lr;64;16;1.147207501560163;0.8372454597829546;0.8411936014535633
generate_trend_drift;1;20000;PageHinkley;increase_and_decay_lr;64;32;1.0511862540571415;0.8138198975994394;0.8151056258453364
generate_trend_drift;1;20000;PageHinkley;increase_and_decay_lr;64;64;1.0474808245833414;0.8141139793125409;0.814703454096827
generate_trend_drift;1;50000;ADWIN;increase_lr_only;16;16;1.0376802767912465;0.8104604350307734;0.8107246893387117
generate_trend_drift;1;50000;ADWIN;increase_lr_only;16;32;1.0413277340539975;0.8132801949816247;0.8131619200504548
generate_trend_drift;1;50000;ADWIN;increase_lr_only;16;64;1.0659876884973003;0.8236529561809307;0.8234005877318841
generate_trend_drift;1;50000;ADWIN;increase_lr_only;32;16;1.034146186122554;0.808792223385487;0.8095583505011508
generate_trend_drift;1;50000;ADWIN;increase_lr_only;32;32;1.040842448598532;0.8130566591226678;0.8130009728292998
generate_trend_drift;1;50000;ADWIN;increase_lr_only;32;64;1.0665430841243193;0.8237002597713334;0.8235907881955187
generate_trend_drift;1;50000;ADWIN;increase_lr_only;64;16;1.034696211483414;0.8086911669388552;0.8097025871164059
generate_trend_drift;1;50000;ADWIN;increase_lr_only;64;32;1.0413954558206444;0.8128889112700517;0.8132294392144891
generate_trend_drift;1;50000;ADWIN;increase_lr_only;64;64;1.067012020231691;0.8236227630214721;0.8237508995461766
generate_trend_drift;1;50000;ADWIN;increase_and_decay_lr;16;16;1.055740540432002;0.8139600592587647;0.814260141806863
generate_trend_drift;1;50000;ADWIN;increase_and_decay_lr;16;32;1.0290876730991043;0.8079238922250933;0.8077956088826063
generate_trend_drift;1;50000;ADWIN;increase_and_decay_lr;16;64;1.0373438941723379;0.8118852426862817;0.811696645554597
generate_trend_drift;1;50000;ADWIN;increase_and_decay_lr;32;16;1.0637060980790571;0.815950512854909;0.8162861830154401
generate_trend_drift;1;50000;ADWIN;increase_and_decay_lr;32;32;1.0291485976110057;0.8078407775108056;0.8078427620778135
generate_trend_drift;1;50000;ADWIN;increase_and_decay_lr;32;64;1.0382153349294916;0.8121729831674095;0.8120837709909705
generate_trend_drift;1;50000;ADWIN;increase_and_decay_lr;64;16;1.069794110545136;0.8166416628953188;0.8179634532559089
generate_trend_drift;1;50000;ADWIN;increase_and_decay_lr;64;32;1.0295578565715053;0.8077615217945195;0.8080040668134387
generate_trend_drift;1;50000;ADWIN;increase_and_decay_lr;64;64;1.03837503242765;0.8118358986017765;0.8121205968480917
generate_trend_drift;1;50000;PageHinkley;increase_lr_only;16;16;1.034253561825692;0.8091164033743611;0.8096278340289805
generate_trend_drift;1;50000;PageHinkley;increase_lr_only;16;32;1.0384883832069067;0.8123113859294827;0.8120979664831752
generate_trend_drift;1;50000;PageHinkley;increase_lr_only;16;64;1.062734393608134;0.822216102283643;0.822017093242573
generate_trend_drift;1;50000;PageHinkley;increase_lr_only;32;16;1.032666618621558;0.808531798396438;0.8090377439589103
generate_trend_drift;1;50000;PageHinkley;increase_lr_only;32;32;1.0403438344274683;0.8129784900783934;0.8129467186030434
generate_trend_drift;1;50000;PageHinkley;increase_lr_only;32;64;1.066776438300104;0.8237997352036198;0.8236642189543387
generate_trend_drift;1;50000;PageHinkley;increase_lr_only;64;16;1.0334777846338528;0.8084457419684001;0.8093147531771857
generate_trend_drift;1;50000;PageHinkley;increase_lr_only;64;32;1.04041218040783;0.8125424812275172;0.8128978825272447
generate_trend_drift;1;50000;PageHinkley;increase_lr_only;64;64;1.065250670543828;0.8228413753094205;0.823074423796648
generate_trend_drift;1;50000;PageHinkley;increase_and_decay_lr;16;16;1.0558501722559543;0.8140792899166734;0.8143560387901145
generate_trend_drift;1;50000;PageHinkley;increase_and_decay_lr;16;32;1.0281198718050215;0.8076414047408633;0.8074473930542475
generate_trend_drift;1;50000;PageHinkley;increase_and_decay_lr;16;64;1.0373507252629304;0.8119164049547576;0.8116857591034455
generate_trend_drift;1;50000;PageHinkley;increase_and_decay_lr;32;16;1.064058380009573;0.8165612008209511;0.8170616453927424
generate_trend_drift;1;50000;PageHinkley;increase_and_decay_lr;32;32;1.0292191363261627;0.807893578375621;0.8078435464968515
generate_trend_drift;1;50000;PageHinkley;increase_and_decay_lr;32;64;1.0381277028643363;0.8121199913339543;0.8120292052429788
generate_trend_drift;1;50000;PageHinkley;increase_and_decay_lr;64;16;1.0762096264664525;0.8187178125724115;0.8196111286950657
generate_trend_drift;1;50000;PageHinkley;increase_and_decay_lr;64;32;1.0313637707527048;0.8079991180819055;0.8086595775915244
generate_trend_drift;1;50000;PageHinkley;increase_and_decay_lr;64;64;1.039087515221832;0.8121850632508145;0.8124266706396029
generate_trend_drift;3;20000;ADWIN;increase_lr_only;16;16;1.070639314075622;0.8184603988615918;0.8207023143201613
generate_trend_drift;3;20000;ADWIN;increase_lr_only;16;32;1.046207294067781;0.8132926938411847;0.813685328503448
generate_trend_drift;3;20000;ADWIN;increase_lr_only;16;64;1.0688504479615681;0.823270178794586;0.8232579436081404
generate_trend_drift;3;20000;ADWIN;increase_lr_only;32;16;1.050027935004769;0.8121745659364804;0.8140220793375192
generate_trend_drift;3;20000;ADWIN;increase_lr_only;32;32;1.0460975706844529;0.8127479796097676;0.8133977826320729
generate_trend_drift;3;20000;ADWIN;increase_lr_only;32;64;1.0715256301668887;0.8239881954493595;0.824334646378702
generate_trend_drift;3;20000;ADWIN;increase_lr_only;64;16;1.0541090293064272;0.81290566436802;0.815345472907754
generate_trend_drift;3;20000;ADWIN;increase_lr_only;64;32;1.0481085757186415;0.8123317534874925;0.8141545987583175
generate_trend_drift;3;20000;ADWIN;increase_lr_only;64;64;1.0689769129219955;0.8227366075489149;0.8233009903355544
generate_trend_drift;3;20000;ADWIN;increase_and_decay_lr;16;16;1.1900124338734415;0.8466827192121356;0.8481091595827315
generate_trend_drift;3;20000;ADWIN;increase_and_decay_lr;16;32;1.0431879002355222;0.8112013376990814;0.8117285200034073
generate_trend_drift;3;20000;ADWIN;increase_and_decay_lr;16;64;1.0413110184376706;0.8117015419968013;0.8117929973962603
generate_trend_drift;3;20000;ADWIN;increase_and_decay_lr;32;16;1.1678103384452925;0.8407800733583137;0.8439497442792717
generate_trend_drift;3;20000;ADWIN;increase_and_decay_lr;32;32;1.0467179214490152;0.8119304656481263;0.8129087705906269
generate_trend_drift;3;20000;ADWIN;increase_and_decay_lr;32;64;1.0424200277831552;0.8118448737380098;0.8121969900807576
generate_trend_drift;3;20000;ADWIN;increase_and_decay_lr;64;16;1.219721329622726;0.8497674500803464;0.8561936114151569
generate_trend_drift;3;20000;ADWIN;increase_and_decay_lr;64;32;1.0501354455123417;0.8118112399824393;0.8142199612428721
generate_trend_drift;3;20000;ADWIN;increase_and_decay_lr;64;64;1.0427669904995513;0.8115505640307549;0.8122863329029126
generate_trend_drift;3;20000;PageHinkley;increase_lr_only;16;16;1.0490708910101585;0.8121309163386842;0.8136808641802119
generate_trend_drift;3;20000;PageHinkley;increase_lr_only;16;32;1.0453060208212506;0.8128560319327295;0.8132795749023949
generate_trend_drift;3;20000;PageHinkley;increase_lr_only;16;64;1.068451051127483;0.8231505234075942;0.8231650078836963
generate_trend_drift;3;20000;PageHinkley;increase_lr_only;32;16;1.0586871552409218;0.8143992488024641;0.8165970218359666
generate_trend_drift;3;20000;PageHinkley;increase_lr_only;32;32;1.0458580183629425;0.8124184009295269;0.8133728972359864
generate_trend_drift;3;20000;PageHinkley;increase_lr_only;32;64;1.0698826847120348;0.8233607352722897;0.8236922198635651
generate_trend_drift;3;20000;PageHinkley;increase_lr_only;64;16;1.0590696259437968;0.8127198126999431;0.8168086304586646
generate_trend_drift;3;20000;PageHinkley;increase_lr_only;64;32;1.047265186325215;0.8123121150696767;0.8138645226621692
generate_trend_drift;3;20000;PageHinkley;increase_lr_only;64;64;1.0714909100563155;0.8235820422144665;0.8243881099733874
generate_trend_drift;3;20000;PageHinkley;increase_and_decay_lr;16;16;1.2012383702155571;0.8482811909419382;0.8512941928750226
generate_trend_drift;3;20000;PageHinkley;increase_and_decay_lr;16;32;1.0464428832898212;0.8124555408391166;0.8129595138016157
generate_trend_drift;3;20000;PageHinkley;increase_and_decay_lr;16;64;1.0415431095424776;0.8117674343008336;0.8118493767412158
generate_trend_drift;3;20000;PageHinkley;increase_and_decay_lr;32;16;1.1593329049800623;0.8379828115717248;0.8421020592752776
generate_trend_drift;3;20000;PageHinkley;increase_and_decay_lr;32;32;1.0452188893085679;0.8112913406669745;0.8124355410313094
generate_trend_drift;3;20000;PageHinkley;increase_and_decay_lr;32;64;1.0425681524553125;0.8116689461620554;0.81217262086657
generate_trend_drift;3;20000;PageHinkley;increase_and_decay_lr;64;16;1.2907395125201433;0.8649620073595732;0.8707822948948549
generate_trend_drift;3;20000;PageHinkley;increase_and_decay_lr;64;32;1.0500132978133712;0.8116290570677135;0.8142008401225429
generate_trend_drift;3;20000;PageHinkley;increase_and_decay_lr;64;64;1.0443853031686983;0.8119137329482345;0.812844135850742
generate_trend_drift;3;50000;ADWIN;increase_lr_only;16;16;1.0460104838831117;0.8127804583555879;0.8138556319573277
generate_trend_drift;3;50000;ADWIN;increase_lr_only;16;32;1.0451336782817087;0.8143074769638962;0.8145148653684082
generate_trend_drift;3;50000;ADWIN;increase_lr_only;16;64;1.0707737108532829;0.8250407671056964;0.8250456514634
generate_trend_drift;3;50000;ADWIN;increase_lr_only;32;16;1.0369954811349298;0.8102361670099033;0.8108102339788267
generate_trend_drift;3;50000;ADWIN;increase_lr_only;32;32;1.0446450870647495;0.8140015791294796;0.8142677678401858
generate_trend_drift;3;50000;ADWIN;increase_lr_only;32;64;1.073223017329043;0.825888358273615;0.8260053828730821
generate_trend_drift;3;50000;ADWIN;increase_lr_only;64;16;1.0388986603247863;0.8102437573281854;0.8114591689622909
generate_trend_drift;3;50000;ADWIN;increase_lr_only;64;32;1.045036573224767;0.8139070432537215;0.8144010813801302
generate_trend_drift;3;50000;ADWIN;increase_lr_only;64;64;1.0676675526628476;0.823513919481978;0.8237392122687406
generate_trend_drift;3;50000;ADWIN;increase_and_decay_lr;16;16;1.0877383293867062;0.821678556487536;0.8225018850308363
generate_trend_drift;3;50000;ADWIN;increase_and_decay_lr;16;32;1.0344939050312651;0.8097463481459889;0.8099890253452381
generate_trend_drift;3;50000;ADWIN;increase_and_decay_lr;16;64;1.0431510877326646;0.8137102196552215;0.8137607870078434
generate_trend_drift;3;50000;ADWIN;increase_and_decay_lr;32;16;1.0844857133685888;0.8205928387736283;0.8221186802399623
generate_trend_drift;3;50000;ADWIN;increase_and_decay_lr;32;32;1.0352373180300896;0.8098400123619477;0.8102600422057553
generate_trend_drift;3;50000;ADWIN;increase_and_decay_lr;32;64;1.0433004517930178;0.8136458240363199;0.8137999810926285
generate_trend_drift;3;50000;ADWIN;increase_and_decay_lr;64;16;1.096632308512563;0.8219535237322464;0.8250131840738814
generate_trend_drift;3;50000;ADWIN;increase_and_decay_lr;64;32;1.036534765212065;0.8098300215061003;0.8107358365843109
generate_trend_drift;3;50000;ADWIN;increase_and_decay_lr;64;64;1.0438027332695892;0.8136261689175216;0.8139887325271268
generate_trend_drift;3;50000;PageHinkley;increase_lr_only;16;16;1.0373194854838503;0.8102475380118305;0.810936960572975
generate_trend_drift;3;50000;PageHinkley;increase_lr_only;16;32;1.044670185383387;0.8140247226576286;0.8143094863746912
generate_trend_drift;3;50000;PageHinkley;increase_lr_only;16;64;1.0706179381324277;0.8249642700077366;0.8249877129234081
generate_trend_drift;3;50000;PageHinkley;increase_lr_only;32;16;1.0378376697025438;0.8103904756142991;0.811097092509338
generate_trend_drift;3;50000;PageHinkley;increase_lr_only;32;32;1.0448963944543244;0.8140254248133555;0.8143796529210842
generate_trend_drift;3;50000;PageHinkley;increase_lr_only;32;64;1.0720469259866885;0.8254067723763994;0.8255398930681528
generate_trend_drift;3;50000;PageHinkley;increase_lr_only;64;16;1.0382784473027458;0.8102750932548524;0.8113056497383486
generate_trend_drift;3;50000;PageHinkley;increase_lr_only;64;32;1.0457226752003013;0.8139669330247279;0.8146469643788167
generate_trend_drift;3;50000;PageHinkley;increase_lr_only;64;64;1.0712260989106346;0.8249746546643817;0.8252077452200655
generate_trend_drift;3;50000;PageHinkley;increase_and_decay_lr;16;16;1.0735379242302965;0.8181493321944174;0.819580042443443
generate_trend_drift;3;50000;PageHinkley;increase_and_decay_lr;16;32;1.0345355039098518;0.8097428297241623;0.8100369376069548
generate_trend_drift;3;50000;PageHinkley;increase_and_decay_lr;16;64;1.0427623242591908;0.813597193918692;0.8136165527154056
generate_trend_drift;3;50000;PageHinkley;increase_and_decay_lr;32;16;1.076735529509051;0.818745232348891;0.8203803503905361
generate_trend_drift;3;50000;PageHinkley;increase_and_decay_lr;32;32;1.0356969573955306;0.8100215716700637;0.8104316544378107
generate_trend_drift;3;50000;PageHinkley;increase_and_decay_lr;32;64;1.0430783929291085;0.8135545015628202;0.81371444554961
generate_trend_drift;3;50000;PageHinkley;increase_and_decay_lr;64;16;1.0844705356511797;0.8197383162964127;0.8222728208896475
generate_trend_drift;3;50000;PageHinkley;increase_and_decay_lr;64;32;1.0366574761380316;0.8098115833219617;0.810773857718476
generate_trend_drift;3;50000;PageHinkley;increase_and_decay_lr;64;64;1.0427499465088819;0.8132571777655824;0.8135958893243024
generate_trend_drift;5;20000;ADWIN;increase_lr_only;16;16;1.0985916867156236;0.8249883192124648;0.8295834504550337
generate_trend_drift;5;20000;ADWIN;increase_lr_only;16;32;1.0491646553679228;0.8146211993658155;0.8152116146512789
generate_trend_drift;5;20000;ADWIN;increase_lr_only;16;64;1.0746283099290916;0.8250152285476511;0.8251577515186395
generate_trend_drift;5;20000;ADWIN;increase_lr_only;32;16;1.0547453208227335;0.8141688354714;0.8159336052515592
generate_trend_drift;5;20000;ADWIN;increase_lr_only;32;32;1.0493866934656557;0.8147275068415719;0.8152707538288385
generate_trend_drift;5;20000;ADWIN;increase_lr_only;32;64;1.0757669337738964;0.8254191925349406;0.8256438584402741
generate_trend_drift;5;20000;ADWIN;increase_lr_only;64;16;1.0580547770947673;0.8145365424523293;0.8169578618241435
generate_trend_drift;5;20000;ADWIN;increase_lr_only;64;32;1.0514178586793752;0.814640498104088;0.8159600077563206
generate_trend_drift;5;20000;ADWIN;increase_lr_only;64;64;1.071074908102904;0.8233896473259098;0.8238843241246809
generate_trend_drift;5;20000;ADWIN;increase_and_decay_lr;16;16;1.1734999881070156;0.8427399099475662;0.8463084791332866
generate_trend_drift;5;20000;ADWIN;increase_and_decay_lr;16;32;1.0495298460190796;0.8133959312883476;0.8142240183547981
generate_trend_drift;5;20000;ADWIN;increase_and_decay_lr;16;64;1.0463468032290495;0.8140373745992957;0.8142026257209086
generate_trend_drift;5;20000;ADWIN;increase_and_decay_lr;32;16;1.1778378147069024;0.8440669572657431;0.8471267335031044
generate_trend_drift;5;20000;ADWIN;increase_and_decay_lr;32;32;1.0489200688079552;0.8132426698016911;0.8140366643951543
generate_trend_drift;5;20000;ADWIN;increase_and_decay_lr;32;64;1.0471819427545062;0.8141534186101049;0.8144657962477186
generate_trend_drift;5;20000;ADWIN;increase_and_decay_lr;64;16;1.2566113727370742;0.8570802848278953;0.8658347703837139
generate_trend_drift;5;20000;ADWIN;increase_and_decay_lr;64;32;1.055971533000091;0.8144638139055983;0.8164378355083804
generate_trend_drift;5;20000;ADWIN;increase_and_decay_lr;64;64;1.0482528613523416;0.8141047704658918;0.8149318113970909
generate_trend_drift;5;20000;PageHinkley;increase_lr_only;16;16;1.0580738941921959;0.8142631152301597;0.8171197539918703
generate_trend_drift;5;20000;PageHinkley;increase_lr_only;16;32;1.0500438517883042;0.8149299784244568;0.8155933203771442
generate_trend_drift;5;20000;PageHinkley;increase_lr_only;16;64;1.0754677079479285;0.8253635692267307;0.8255005312835226
generate_trend_drift;5;20000;PageHinkley;increase_lr_only;32;16;1.0550513944009043;0.814101256018594;0.816006943359986
generate_trend_drift;5;20000;PageHinkley;increase_lr_only;32;32;1.0503671920142807;0.8147756786832975;0.8157258206632926
generate_trend_drift;5;20000;PageHinkley;increase_lr_only;32;64;1.0754724559120428;0.8252831331816826;0.8255073529737553
generate_trend_drift;5;20000;PageHinkley;increase_lr_only;64;16;1.0640405450591983;0.815284105992374;0.8187820213094927
generate_trend_drift;5;20000;PageHinkley;increase_lr_only;64;32;1.0508895635577857;0.814417066744784;0.8157419932230314
generate_trend_drift;5;20000;PageHinkley;increase_lr_only;64;64;1.0752312641363422;0.8248914828914793;0.825531759767989
generate_trend_drift;5;20000;PageHinkley;increase_and_decay_lr;16;16;1.1651559284072368;0.8410461114920508;0.844465450767362
generate_trend_drift;5;20000;PageHinkley;increase_and_decay_lr;16;32;1.0486822454938742;0.8129833368812813;0.8139972905840894
generate_trend_drift;5;20000;PageHinkley;increase_and_decay_lr;16;64;1.0473584572227133;0.8142692255079822;0.8145619326187603
generate_trend_drift;5;20000;PageHinkley;increase_and_decay_lr;32;16;1.1965688111721624;0.8461047579058114;0.8520716024709728
generate_trend_drift;5;20000;PageHinkley;increase_and_decay_lr;32;32;1.0511529731181957;0.8132951347072278;0.8148326163966723
generate_trend_drift;5;20000;PageHinkley;increase_and_decay_lr;32;64;1.0469298382285603;0.8140698209554944;0.8143987716018903
generate_trend_drift;5;20000;PageHinkley;increase_and_decay_lr;64;16;1.2129116600155019;0.8497648633087503;0.8555997304564542
generate_trend_drift;5;20000;PageHinkley;increase_and_decay_lr;64;32;1.0529866169577626;0.813320480401078;0.8154174575644185
generate_trend_drift;5;20000;PageHinkley;increase_and_decay_lr;64;64;1.0487964176632423;0.8141262868227052;0.8150928499738433
generate_trend_drift;5;50000;ADWIN;increase_lr_only;16;16;1.0409303519776207;0.8107223218661769;0.8120003204246287
generate_trend_drift;5;50000;ADWIN;increase_lr_only;16;32;1.0383508048772048;0.8120520735786384;0.812284440682067
generate_trend_drift;5;50000;ADWIN;increase_lr_only;16;64;1.0605726610654262;0.8208768966712602;0.8210209272427738
generate_trend_drift;5;50000;ADWIN;increase_lr_only;32;16;1.0313281209104703;0.8081107172779605;0.8087431034881394
generate_trend_drift;5;50000;ADWIN;increase_lr_only;32;32;1.0386914574488348;0.8121120545579501;0.8124004464764703
generate_trend_drift;5;50000;ADWIN;increase_lr_only;32;64;1.0646566619588556;0.8225060349348308;0.8226161149562
generate_trend_drift;5;50000;ADWIN;increase_lr_only;64;16;1.0336606010900908;0.8084583191266741;0.8094852064515069
generate_trend_drift;5;50000;ADWIN;increase_lr_only;64;32;1.037735345516416;0.8116811910390226;0.8120459019078449
generate_trend_drift;5;50000;ADWIN;increase_lr_only;64;64;1.063756427442271;0.822015428217891;0.8222500810554673
generate_trend_drift;5;50000;ADWIN;increase_and_decay_lr;16;16;1.0765055761278741;0.8180585622579455;0.81956331010162
generate_trend_drift;5;50000;ADWIN;increase_and_decay_lr;16;32;1.0294026973912649;0.8079068783662807;0.8082713215056182
generate_trend_drift;5;50000;ADWIN;increase_and_decay_lr;16;64;1.0370583008868046;0.8117145571061152;0.8118044727774952
generate_trend_drift;5;50000;ADWIN;increase_and_decay_lr;32;16;1.0802667795087035;0.8186710928730585;0.8204700131642654
generate_trend_drift;5;50000;ADWIN;increase_and_decay_lr;32;32;1.0290581273652377;0.8076299952826311;0.8081073826047694
generate_trend_drift;5;50000;ADWIN;increase_and_decay_lr;32;64;1.036965030941179;0.811625739000427;0.811764940552967
generate_trend_drift;5;50000;ADWIN;increase_and_decay_lr;64;16;1.1151383954303282;0.8242947119373626;0.8282439076800934
generate_trend_drift;5;50000;ADWIN;increase_and_decay_lr;64;32;1.030776219035518;0.8078287444342297;0.808691739313721
generate_trend_drift;5;50000;ADWIN;increase_and_decay_lr;64;64;1.0372062362163719;0.8115313949384853;0.8118588929812077
generate_trend_drift;5;50000;PageHinkley;increase_lr_only;16;16;1.0313404862375506;0.8079966677168149;0.808850560784632
generate_trend_drift;5;50000;PageHinkley;increase_lr_only;16;32;1.0368104464921233;0.8113966771307463;0.8116308537209895
generate_trend_drift;5;50000;PageHinkley;increase_lr_only;16;64;1.0637816459822527;0.8221551151227655;0.8222687795181238
generate_trend_drift;5;50000;PageHinkley;increase_lr_only;32;16;1.0317597701552914;0.8081777334270444;0.8090018635179419
generate_trend_drift;5;50000;PageHinkley;increase_lr_only;32;32;1.0385567121909505;0.8120663169314164;0.8123696801688652
generate_trend_drift;5;50000;PageHinkley;increase_lr_only;32;64;1.065135555417232;0.822719756642953;0.8227826949953615
generate_trend_drift;5;50000;PageHinkley;increase_lr_only;64;16;1.033253580713705;0.8082538547962895;0.8094467194619607
generate_trend_drift;5;50000;PageHinkley;increase_lr_only;64;32;1.0391222550057195;0.8120437522397282;0.812544480243382
generate_trend_drift;5;50000;PageHinkley;increase_lr_only;64;64;1.0647699804402153;0.8223969072022159;0.8226386198520484
generate_trend_drift;5;50000;PageHinkley;increase_and_decay_lr;16;16;1.0786656242992307;0.8185891785714549;0.8200247076855168
generate_trend_drift;5;50000;PageHinkley;increase_and_decay_lr;16;32;1.0290120938293774;0.8075129278985159;0.8081244729461075
generate_trend_drift;5;50000;PageHinkley;increase_and_decay_lr;16;64;1.036760184885804;0.8115597233903555;0.811666865951904
generate_trend_drift;5;50000;PageHinkley;increase_and_decay_lr;32;16;1.079068179865543;0.8184965495383556;0.8201965033462891
generate_trend_drift;5;50000;PageHinkley;increase_and_decay_lr;32;32;1.0292595680656003;0.8076653757492757;0.8081923233845554
generate_trend_drift;5;50000;PageHinkley;increase_and_decay_lr;32;64;1.0375906927818164;0.8118409160447884;0.8120119525733983
generate_trend_drift;5;50000;PageHinkley;increase_and_decay_lr;64;16;1.1084040317254746;0.8237357990242166;0.8267675549056273
generate_trend_drift;5;50000;PageHinkley;increase_and_decay_lr;64;32;1.0298465641014916;0.8077009471582113;0.8083614555109341
generate_trend_drift;5;50000;PageHinkley;increase_and_decay_lr;64;64;1.0371925332176817;0.811401632174229;0.8118118314825664
generate_seasonal_drift;1;20000;ADWIN;increase_lr_only;16;16;6.251420083789904;1.9588596003813095;1.9683041446342664
generate_seasonal_drift;1;20000;ADWIN;increase_lr_only;16;32;6.504841598438492;2.019801944331001;2.026781387595248
generate_seasonal_drift;1;20000;ADWIN;increase_lr_only;16;64;7.668720158034274;2.180654914956752;2.181082290654489
generate_seasonal_drift;1;20000;ADWIN;increase_lr_only;32;16;6.4695537747856005;1.9971027431001513;2.0047094715908034
generate_seasonal_drift;1;20000;ADWIN;increase_lr_only;32;32;6.534743995000661;2.0214303807785625;2.0280231728998515
generate_seasonal_drift;1;20000;ADWIN;increase_lr_only;32;64;7.280221614106391;2.1311982638377907;2.1335120801662786
generate_seasonal_drift;1;20000;ADWIN;increase_lr_only;64;16;6.135956207259243;1.9436047932083722;1.9543308742975227
generate_seasonal_drift;1;20000;ADWIN;increase_lr_only;64;32;6.327458751280366;1.9833024725083532;1.9890733882323293
generate_seasonal_drift;1;20000;ADWIN;increase_lr_only;64;64;6.713599000516161;2.040619222300148;2.0431189193912775
generate_seasonal_drift;1;20000;ADWIN;increase_and_decay_lr;16;16;6.298219498172224;1.9482518605272185;1.9577295030090656
generate_seasonal_drift;1;20000;ADWIN;increase_and_decay_lr;16;32;5.831941774735521;1.8994925342984113;1.9076171519456235
generate_seasonal_drift;1;20000;ADWIN;increase_and_decay_lr;16;64;5.981906786112442;1.9324876998794789;1.939384268231118
generate_seasonal_drift;1;20000;ADWIN;increase_and_decay_lr;32;16;6.17970449206025;1.926103405491429;1.9351213911709821
generate_seasonal_drift;1;20000;ADWIN;increase_and_decay_lr;32;32;5.974882995469863;1.919939117276531;1.9285890893418884
generate_seasonal_drift;1;20000;ADWIN;increase_and_decay_lr;32;64;6.0754293911526664;1.9447390332680847;1.9533085500196858
generate_seasonal_drift;1;20000;ADWIN;increase_and_decay_lr;64;16;6.3234660867792;1.9438042243770954;1.9542571001837141
generate_seasonal_drift;1;20000;ADWIN;increase_and_decay_lr;64;32;5.879819235037678;1.9041767811219406;1.9120946654338067
generate_seasonal_drift;1;20000;ADWIN;increase_and_decay_lr;64;64;6.064164767199088;1.942146653180645;1.946728405685061
generate_seasonal_drift;1;20000;PageHinkley;increase_lr_only;16;16;6.332418671481689;1.981086692409079;1.988327976814311
generate_seasonal_drift;1;20000;PageHinkley;increase_lr_only;16;32;6.667546414192235;2.043428096508465;2.0498312740248172
generate_seasonal_drift;1;20000;PageHinkley;increase_lr_only;16;64;6.8701166525194335;2.0697386975628214;2.0736197395700575
generate_seasonal_drift;1;20000;PageHinkley;increase_lr_only;32;16;6.270774286983766;1.9615055301975115;1.9688908865705927
generate_seasonal_drift;1;20000;PageHinkley;increase_lr_only;32;32;6.869430647765368;2.067446456416613;2.074317858857028
generate_seasonal_drift;1;20000;PageHinkley;increase_lr_only;32;64;7.052506105106291;2.078345404587834;2.081485996765901
generate_seasonal_drift;1;20000;PageHinkley;increase_lr_only;64;16;6.120964902382696;1.9454222290654033;1.953742250072864
generate_seasonal_drift;1;20000;PageHinkley;increase_lr_only;64;32;6.257251879910451;1.9736829234600746;1.9789789676761373
generate_seasonal_drift;1;20000;PageHinkley;increase_lr_only;64;64;6.563517206244974;2.0142935846149452;2.016875126017527
generate_seasonal_drift;1;20000;PageHinkley;increase_and_decay_lr;16;16;6.32106538690714;1.9537425100680987;1.964012154562733
generate_seasonal_drift;1;20000;PageHinkley;increase_and_decay_lr;16;32;6.098188887540502;1.9417828189327255;1.9502760106828168
generate_seasonal_drift;1;20000;PageHinkley;increase_and_decay_lr;16;64;6.368074011086433;1.9939378235770622;2.000623794125648
generate_seasonal_drift;1;20000;PageHinkley;increase_and_decay_lr;32;16;6.12707226236698;1.9186245352474993;1.9275527871315064
generate_seasonal_drift;1;20000;PageHinkley;increase_and_decay_lr;32;32;6.157279764914823;1.954755432150191;1.9620797236833216
generate_seasonal_drift;1;20000;PageHinkley;increase_and_decay_lr;32;64;6.416830121211408;1.9971383902903295;2.0036082547019944
generate_seasonal_drift;1;20000;PageHinkley;increase_and_decay_lr;64;16;6.313865846002593;1.9512028222084543;1.9609843087586294
generate_seasonal_drift;1;20000;PageHinkley;increase_and_decay_lr;64;32;5.836705361187849;1.898361062584485;1.9067496888047641
generate_seasonal_drift;1;20000;PageHinkley;increase_and_decay_lr;64;64;6.209264107382409;1.9650290763978036;1.968807039709482
generate_seasonal_drift;1;50000;ADWIN;increase_lr_only;16;16;5.875951244305142;1.9120601598262799;1.915525248819317
generate_seasonal_drift;1;50000;ADWIN;increase_lr_only;16;32;6.145307169839488;1.9638985757737233;1.9668338060448416
generate_seasonal_drift;1;50000;ADWIN;increase_lr_only;16;64;6.1955626479844685;1.9679790090809937;1.9698015470437455
generate_seasonal_drift;1;50000;ADWIN;increase_lr_only;32;16;5.605475945629613;1.8685148521056736;1.8718164638253665
generate_seasonal_drift;1;50000;ADWIN;increase_lr_only;32;32;5.913238134268887;1.9234081949988446;1.9268337240883393
generate_seasonal_drift;1;50000;ADWIN;increase_lr_only;32;64;6.121558876057486;1.9522110574017528;1.9546096994997444
generate_seasonal_drift;1;50000;ADWIN;increase_lr_only;64;16;5.574683034660158;1.861179926891861;1.8647529850341649
generate_seasonal_drift;1;50000;ADWIN;increase_lr_only;64;32;5.654298981977749;1.8820799734873126;1.8853980267767456
generate_seasonal_drift;1;50000;ADWIN;increase_lr_only;64;64;6.117988764002902;1.9574897331744299;1.958942270227038
generate_seasonal_drift;1;50000;ADWIN;increase_and_decay_lr;16;16;5.468950102439287;1.8358371687077448;1.840077879426571
generate_seasonal_drift;1;50000;ADWIN;increase_and_decay_lr;16;32;5.4043100913251365;1.8381485516104974;1.8419284990184646
generate_seasonal_drift;1;50000;ADWIN;increase_and_decay_lr;16;64;5.723630731032152;1.893279553302799;1.8966095414904491
generate_seasonal_drift;1;50000;ADWIN;increase_and_decay_lr;32;16;5.332721427414971;1.810205102067159;1.8146513665251236
generate_seasonal_drift;1;50000;ADWIN;increase_and_decay_lr;32;32;5.365818883864494;1.8287568169305632;1.832716285858543
generate_seasonal_drift;1;50000;ADWIN;increase_and_decay_lr;32;64;5.758829167362633;1.8989618719940007;1.9020777132254472
generate_seasonal_drift;1;50000;ADWIN;increase_and_decay_lr;64;16;5.202122756100463;1.787849153647294;1.7922746691210043
generate_seasonal_drift;1;50000;ADWIN;increase_and_decay_lr;64;32;5.315740573220721;1.8230436379776596;1.8263700875803233
generate_seasonal_drift;1;50000;ADWIN;increase_and_decay_lr;64;64;5.613880446368682;1.8750937705413178;1.8772048502204834
generate_seasonal_drift;1;50000;PageHinkley;increase_lr_only;16;16;5.542084443555872;1.857658343425585;1.861436406658529
generate_seasonal_drift;1;50000;PageHinkley;increase_lr_only;16;32;6.00897313899664;1.9425078862023735;1.9447447780004574
generate_seasonal_drift;1;50000;PageHinkley;increase_lr_only;16;64;6.384211837709367;1.9958128913564135;1.9973360409427972
generate_seasonal_drift;1;50000;PageHinkley;increase_lr_only;32;16;5.594478397526169;1.8727721863646014;1.87566299797246
generate_seasonal_drift;1;50000;PageHinkley;increase_lr_only;32;32;5.929578540579859;1.9286961859278609;1.9314036195645714
generate_seasonal_drift;1;50000;PageHinkley;increase_lr_only;32;64;6.285520854756864;1.976784065229711;1.9796170976677665
generate_seasonal_drift;1;50000;PageHinkley;increase_lr_only;64;16;5.550795485627563;1.859829402475543;1.8633771190355337
generate_seasonal_drift;1;50000;PageHinkley;increase_lr_only;64;32;5.6790797221288;1.8866439773525585;1.8892416790515234
generate_seasonal_drift;1;50000;PageHinkley;increase_lr_only;64;64;5.850576251371313;1.908925001028088;1.9100350949333462
generate_seasonal_drift;1;50000;PageHinkley;increase_and_decay_lr;16;16;5.387521215874503;1.822430271390338;1.827052746823089
generate_seasonal_drift;1;50000;PageHinkley;increase_and_decay_lr;16;32;5.451879928803746;1.8451492724453988;1.8486285769541166
generate_seasonal_drift;1;50000;PageHinkley;increase_and_decay_lr;16;64;5.674116866104268;1.8877529474420525;1.8906057033462638
generate_seasonal_drift;1;50000;PageHinkley;increase_and_decay_lr;32;16;5.461328560961224;1.83621372174307;1.8402683325524147
generate_seasonal_drift;1;50000;PageHinkley;increase_and_decay_lr;32;32;5.486313032852504;1.850838446042558;1.854156187590976
generate_seasonal_drift;1;50000;PageHinkley;increase_and_decay_lr;32;64;5.727813197190801;1.8930085790839006;1.8962914175036347
generate_seasonal_drift;1;50000;PageHinkley;increase_and_decay_lr;64;16;5.310993336877316;1.8092332553076298;1.813153156921153
generate_seasonal_drift;1;50000;PageHinkley;increase_and_decay_lr;64;32;5.404090734787668;1.8367662216680003;1.8398586043585043
generate_seasonal_drift;1;50000;PageHinkley;increase_and_decay_lr;64;64;5.73313520854291;1.898563402573202;1.9002431447932004
generate_seasonal_drift;3;20000;ADWIN;increase_lr_only;16;16;6.315886197344093;1.9770549112828748;1.9855283184265575
generate_seasonal_drift;3;20000;ADWIN;increase_lr_only;16;32;6.762627990319591;2.058187307719031;2.0622782686641745
generate_seasonal_drift;3;20000;ADWIN;increase_lr_only;16;64;6.930266165277048;2.085637270896264;2.09078560131986
generate_seasonal_drift;3;20000;ADWIN;increase_lr_only;32;16;6.5347118700725355;2.007689383588899;2.015484356846756
generate_seasonal_drift;3;20000;ADWIN;increase_lr_only;32;32;6.458126455375513;2.003270486687158;2.008537042411962
generate_seasonal_drift;3;20000;ADWIN;increase_lr_only;32;64;6.77956801046947;2.0637091686568954;2.0693245472786472
generate_seasonal_drift;3;20000;ADWIN;increase_lr_only;64;16;7.2498920931020026;2.1300516618824257;2.1363115721433776
generate_seasonal_drift;3;20000;ADWIN;increase_lr_only;64;32;6.400046022836381;1.993217339976741;1.9989401616214402
generate_seasonal_drift;3;20000;ADWIN;increase_lr_only;64;64;6.007462232123855;1.9343526138207627;1.938420115717624
generate_seasonal_drift;3;20000;ADWIN;increase_and_decay_lr;16;16;6.277932074798246;1.941915263719;1.9522714926823013
generate_seasonal_drift;3;20000;ADWIN;increase_and_decay_lr;16;32;5.807159059971151;1.8970707920605647;1.9043894637379053
generate_seasonal_drift;3;20000;ADWIN;increase_and_decay_lr;16;64;5.921465651169117;1.9215959493427648;1.926807846774081
generate_seasonal_drift;3;20000;ADWIN;increase_and_decay_lr;32;16;6.323468195208382;1.945760193320307;1.9558492195262658
generate_seasonal_drift;3;20000;ADWIN;increase_and_decay_lr;32;32;5.586779272812726;1.8586197393883268;1.867211211840652
generate_seasonal_drift;3;20000;ADWIN;increase_and_decay_lr;32;64;5.704924114972172;1.885530694686014;1.8925751632091423
generate_seasonal_drift;3;20000;ADWIN;increase_and_decay_lr;64;16;6.2040504237517355;1.930904559164827;1.9406925056594608
generate_seasonal_drift;3;20000;ADWIN;increase_and_decay_lr;64;32;5.527009925495775;1.8475640702051022;1.8563091291397225
generate_seasonal_drift;3;20000;ADWIN;increase_and_decay_lr;64;64;5.405534225219517;1.8396298877433204;1.8447380140214489
generate_seasonal_drift;3;20000;PageHinkley;increase_lr_only;16;16;6.844766043125208;2.0644090234619488;2.0718439859077127
generate_seasonal_drift;3;20000;PageHinkley;increase_lr_only;16;32;6.890499033345951;2.0805958208484663;2.084945267088729
generate_seasonal_drift;3;20000;PageHinkley;increase_lr_only;16;64;7.410575414845229;2.160383905332544;2.1638798691221237
generate_seasonal_drift;3;20000;PageHinkley;increase_lr_only;32;16;6.554712050921387;2.0112978290135013;2.020368687513371
generate_seasonal_drift;3;20000;PageHinkley;increase_lr_only;32;32;6.641799574435329;2.036090522879407;2.0412214938006423
generate_seasonal_drift;3;20000;PageHinkley;increase_lr_only;32;64;6.422728271733277;2.003771043548837;2.0096424060828166
generate_seasonal_drift;3;20000;PageHinkley;increase_lr_only;64;16;6.389114861561586;1.9824344553871596;1.988089045131206
generate_seasonal_drift;3;20000;PageHinkley;increase_lr_only;64;32;6.509099020390891;2.013537927685525;2.017099617573434
generate_seasonal_drift;3;20000;PageHinkley;increase_lr_only;64;64;6.408785491759936;1.9961346794981878;2.001700938465507
generate_seasonal_drift;3;20000;PageHinkley;increase_and_decay_lr;16;16;6.238190824824446;1.9419627160297097;1.951704344553746
generate_seasonal_drift;3;20000;PageHinkley;increase_and_decay_lr;16;32;5.823628720953696;1.8986533940520014;1.9058861388680224
generate_seasonal_drift;3;20000;PageHinkley;increase_and_decay_lr;16;64;6.149464284895742;1.9573538382222986;1.963068901307678
generate_seasonal_drift;3;20000;PageHinkley;increase_and_decay_lr;32;16;5.96362542470993;1.895251798660439;1.904459317433812
generate_seasonal_drift;3;20000;PageHinkley;increase_and_decay_lr;32;32;5.791355885320755;1.8934929884425218;1.9019977526165746
generate_seasonal_drift;3;20000;PageHinkley;increase_and_decay_lr;32;64;5.824566030860553;1.9074312134031233;1.9146966286785663
generate_seasonal_drift;3;20000;PageHinkley;increase_and_decay_lr;64;16;6.395756581888521;1.9691101633162915;1.9787220020197709
generate_seasonal_drift;3;20000;PageHinkley;increase_and_decay_lr;64;32;5.472617285160937;1.8371728395608782;1.8445920367974842
generate_seasonal_drift;3;20000;PageHinkley;increase_and_decay_lr;64;64;5.607009115411468;1.8676163760039501;1.8730875866220968
generate_seasonal_drift;3;50000;ADWIN;increase_lr_only;16;16;6.524122473437019;2.030048032354145;2.0325937526564086
generate_seasonal_drift;3;50000;ADWIN;increase_lr_only;16;32;6.396931261169863;2.012068378637462;2.014241418530035
generate_seasonal_drift;3;50000;ADWIN;increase_lr_only;16;64;6.2405618437458035;1.982270448190211;1.9844483779428053
generate_seasonal_drift;3;50000;ADWIN;increase_lr_only;32;16;5.920753419432713;1.9227727410817868;1.926150871308212
generate_seasonal_drift;3;50000;ADWIN;increase_lr_only;32;32;5.898383819623461;1.9282098171928648;1.9304663635929913
generate_seasonal_drift;3;50000;ADWIN;increase_lr_only;32;64;5.609211922398303;1.877949491929019;1.8809325580212002
generate_seasonal_drift;3;50000;ADWIN;increase_lr_only;64;16;5.514373810327468;1.8571839661923881;1.8606283874714968
generate_seasonal_drift;3;50000;ADWIN;increase_lr_only;64;32;5.7457504827353585;1.9013932775893676;1.9031112991246248
generate_seasonal_drift;3;50000;ADWIN;increase_lr_only;64;64;5.569215153855004;1.8733556328511873;1.8753910617615213
generate_seasonal_drift;3;50000;ADWIN;increase_and_decay_lr;16;16;5.5764176753851205;1.8528760503614998;1.85703812742559
generate_seasonal_drift;3;50000;ADWIN;increase_and_decay_lr;16;32;5.288176878106849;1.8196395190725057;1.8231360265933259
generate_seasonal_drift;3;50000;ADWIN;increase_and_decay_lr;16;64;5.363124433072045;1.8384282869038313;1.8411741815218237
generate_seasonal_drift;3;50000;ADWIN;increase_and_decay_lr;32;16;5.383349981630294;1.8205847095719225;1.8253827537033094
generate_seasonal_drift;3;50000;ADWIN;increase_and_decay_lr;32;32;5.137039463851433;1.7944942051811819;1.798125121168052
generate_seasonal_drift;3;50000;ADWIN;increase_and_decay_lr;32;64;5.253882152730481;1.8178461439726858;1.8210803686690065
generate_seasonal_drift;3;50000;ADWIN;increase_and_decay_lr;64;16;5.148839844051324;1.7805861891209414;1.7857309335738885
generate_seasonal_drift;3;50000;ADWIN;increase_and_decay_lr;64;32;4.848666655619234;1.7407110955526546;1.7445217538955486
generate_seasonal_drift;3;50000;ADWIN;increase_and_decay_lr;64;64;5.266500752577528;1.8181372341192883;1.820473830917482
generate_seasonal_drift;3;50000;PageHinkley;increase_lr_only;16;16;6.420944193346602;2.009733884911949;2.012532017996046
generate_seasonal_drift;3;50000;PageHinkley;increase_lr_only;16;32;6.209710292005687;1.980382120942266;1.9828771103858274
generate_seasonal_drift;3;50000;PageHinkley;increase_lr_only;16;64;6.1963947251635;1.9749271252495888;1.9769536717397593
generate_seasonal_drift;3;50000;PageHinkley;increase_lr_only;32;16;5.984187635566167;1.9374392707793142;1.9406588326371268
generate_seasonal_drift;3;50000;PageHinkley;increase_lr_only;32;32;5.631156344325083;1.8832968062964255;1.885907571123243
generate_seasonal_drift;3;50000;PageHinkley;increase_lr_only;32;64;6.096745381210813;1.9599924171362346;1.9625348547597532
generate_seasonal_drift;3;50000;PageHinkley;increase_lr_only;64;16;5.766758057720548;1.8960769969974782;1.8992675112695643
generate_seasonal_drift;3;50000;PageHinkley;increase_lr_only;64;32;5.927297479643192;1.9285542951296801;1.931062178658435
generate_seasonal_drift;3;50000;PageHinkley;increase_lr_only;64;64;5.50017553481374;1.8637357372595462;1.8656258693186327
generate_seasonal_drift;3;50000;PageHinkley;increase_and_decay_lr;16;16;5.503390714047323;1.843052996647339;1.8475305967992628
generate_seasonal_drift;3;50000;PageHinkley;increase_and_decay_lr;16;32;5.45234533397163;1.8484075818943029;1.8515653171995863
generate_seasonal_drift;3;50000;PageHinkley;increase_and_decay_lr;16;64;5.5150736018641835;1.8632974797357509;1.8658127133701283
generate_seasonal_drift;3;50000;PageHinkley;increase_and_decay_lr;32;16;5.246893740408721;1.8023735647044477;1.806922339926943
generate_seasonal_drift;3;50000;PageHinkley;increase_and_decay_lr;32;32;5.233445330953529;1.8120618742268846;1.8157790380967986
generate_seasonal_drift;3;50000;PageHinkley;increase_and_decay_lr;32;64;5.398527920506959;1.843774432197371;1.8466677062143042
generate_seasonal_drift;3;50000;PageHinkley;increase_and_decay_lr;64;16;5.282308776061505;1.8049573275058641;1.8096064080354255
generate_seasonal_drift;3;50000;PageHinkley;increase_and_decay_lr;64;32;4.973134599379181;1.7661702174987028;1.769115947554806
generate_seasonal_drift;3;50000;PageHinkley;increase_and_decay_lr;64;64;5.236963216250758;1.8173060590293024;1.8195358600052436
generate_seasonal_drift;5;20000;ADWIN;increase_lr_only;16;16;8.020888339458004;2.2421477495268314;2.248991974636173
generate_seasonal_drift;5;20000;ADWIN;increase_lr_only;16;32;7.606654275802998;2.1892396049198855;2.193534187723497
generate_seasonal_drift;5;20000;ADWIN;increase_lr_only;16;64;7.625753857769158;2.193690701294102;2.197828803033985
generate_seasonal_drift;5;20000;ADWIN;increase_lr_only;32;16;6.9605692774092836;2.073595103053748;2.0819021207526722
generate_seasonal_drift;5;20000;ADWIN;increase_lr_only;32;32;7.245572891319171;2.134340478283808;2.1386663218548234
generate_seasonal_drift;5;20000;ADWIN;increase_lr_only;32;64;6.957407799978869;2.0879633559087525;2.0929136297677475
generate_seasonal_drift;5;20000;ADWIN;increase_lr_only;64;16;6.865950066415761;2.0464000723897042;2.054175480289077
generate_seasonal_drift;5;20000;ADWIN;increase_lr_only;64;32;6.140188685726348;1.9550917943681079;1.9607974893591378
generate_seasonal_drift;5;20000;ADWIN;increase_lr_only;64;64;6.173566270206478;1.9591370144199383;1.9663494028910444
generate_seasonal_drift;5;20000;ADWIN;increase_and_decay_lr;16;16;6.665552518332472;2.0130856636899392;2.02407592680347
generate_seasonal_drift;5;20000;ADWIN;increase_and_decay_lr;16;32;6.105538614209088;1.9471425667649904;1.9556466968076898
generate_seasonal_drift;5;20000;ADWIN;increase_and_decay_lr;16;64;6.187855248703727;1.972493958904763;1.9780219443197593
generate_seasonal_drift;5;20000;ADWIN;increase_and_decay_lr;32;16;6.509254612474671;1.9823337395445724;1.992465681619554
generate_seasonal_drift;5;20000;ADWIN;increase_and_decay_lr;32;32;6.277238129548771;1.9736602185281313;1.9812922247966083
generate_seasonal_drift;5;20000;ADWIN;increase_and_decay_lr;32;64;5.7088390719192175;1.8852453556035584;1.8923056165207153
generate_seasonal_drift;5;20000;ADWIN;increase_and_decay_lr;64;16;6.387131329854378;1.9574747719117898;1.968598463023186
generate_seasonal_drift;5;20000;ADWIN;increase_and_decay_lr;64;32;5.83282794949769;1.892219450024478;1.9011566350983986
generate_seasonal_drift;5;20000;ADWIN;increase_and_decay_lr;64;64;5.618593415073687;1.8657784690305552;1.8719417823973392
generate_seasonal_drift;5;20000;PageHinkley;increase_lr_only;16;16;7.673595299352978;2.195051081747095;2.202400416846397
generate_seasonal_drift;5;20000;PageHinkley;increase_lr_only;16;32;7.5683293001270675;2.1925104987329083;2.1966807678359763
generate_seasonal_drift;5;20000;PageHinkley;increase_lr_only;16;64;7.10611894745059;2.114157961568418;2.1180701909573365
generate_seasonal_drift;5;20000;PageHinkley;increase_lr_only;32;16;8.228341158957427;2.271933390288253;2.276713581260992
generate_seasonal_drift;5;20000;PageHinkley;increase_lr_only;32;32;7.2750122383580536;2.136301800129241;2.141194541603536
generate_seasonal_drift;5;20000;PageHinkley;increase_lr_only;32;64;7.253414432972279;2.134264212646858;2.1385098777693483
generate_seasonal_drift;5;20000;PageHinkley;increase_lr_only;64;16;6.735325082690331;2.035267639900496;2.0444001869334394
generate_seasonal_drift;5;20000;PageHinkley;increase_lr_only;64;32;6.318324215989149;1.9801229009726686;1.9846615593403543
generate_seasonal_drift;5;20000;PageHinkley;increase_lr_only;64;64;6.3574888172707436;1.9904784096740218;1.9949050567525455
generate_seasonal_drift;5;20000;PageHinkley;increase_and_decay_lr;16;16;6.695760358149392;2.0258759358132883;2.0360208365744095
generate_seasonal_drift;5;20000;PageHinkley;increase_and_decay_lr;16;32;6.1369602449456035;1.9516032120345186;1.9590553798100607
generate_seasonal_drift;5;20000;PageHinkley;increase_and_decay_lr;16;64;6.32116573857661;1.9894833467262454;1.995628976972969
generate_seasonal_drift;5;20000;PageHinkley;increase_and_decay_lr;32;16;6.497780952007675;1.9764288455855412;1.9877644997561732
generate_seasonal_drift;5;20000;PageHinkley;increase_and_decay_lr;32;32;6.204398112405891;1.9581494850145498;1.9658898951512618
generate_seasonal_drift;5;20000;PageHinkley;increase_and_decay_lr;32;64;6.115670353125144;1.9510677343806244;1.9576939012040384
generate_seasonal_drift;5;20000;PageHinkley;increase_and_decay_lr;64;16;6.95879594806954;2.050752141255433;2.0609466020058225
generate_seasonal_drift;5;20000;PageHinkley;increase_and_decay_lr;64;32;5.939634385065028;1.9103645170854449;1.9203467141503519
generate_seasonal_drift;5;20000;PageHinkley;increase_and_decay_lr;64;64;5.5257375134210465;1.8516030016135752;1.8579528943492012
generate_seasonal_drift;5;50000;ADWIN;increase_lr_only;16;16;6.873091057651493;2.0816602605434023;2.0851232041947654
generate_seasonal_drift;5;50000;ADWIN;increase_lr_only;16;32;6.246920603033582;1.980426471043246;1.9831504871384282
generate_seasonal_drift;5;50000;ADWIN;increase_lr_only;16;64;6.066555690556191;1.9555244983421867;1.9572767419215868
generate_seasonal_drift;5;50000;ADWIN;increase_lr_only;32;16;6.02482515059306;1.9368669697920355;1.940963795858015
generate_seasonal_drift;5;50000;ADWIN;increase_lr_only;32;32;6.25275357200581;1.9794134222499937;1.98191372251357
generate_seasonal_drift;5;50000;ADWIN;increase_lr_only;32;64;6.269172159120204;1.991022181646197;1.9932304307185602
generate_seasonal_drift;5;50000;ADWIN;increase_lr_only;64;16;5.596320707366934;1.863699341977604;1.8675209611710382
generate_seasonal_drift;5;50000;ADWIN;increase_lr_only;64;32;5.36006281855537;1.831479347554553;1.8343208559840387
generate_seasonal_drift;5;50000;ADWIN;increase_lr_only;64;64;5.629881856530948;1.8769500363934737;1.8795127152661932
generate_seasonal_drift;5;50000;ADWIN;increase_and_decay_lr;16;16;5.843865744624687;1.9039817934643495;1.9090144577222696
generate_seasonal_drift;5;50000;ADWIN;increase_and_decay_lr;16;32;5.57135310019514;1.8713776774931183;1.8754752403218775
generate_seasonal_drift;5;50000;ADWIN;increase_and_decay_lr;16;64;5.709841594838811;1.8977244142668548;1.9002571730742115
generate_seasonal_drift;5;50000;ADWIN;increase_and_decay_lr;32;16;5.678885767627534;1.8769100780022405;1.881443637027189
generate_seasonal_drift;5;50000;ADWIN;increase_and_decay_lr;32;32;5.498253534230685;1.8575479651966205;1.8609737732981189
generate_seasonal_drift;5;50000;ADWIN;increase_and_decay_lr;32;64;5.330813476129181;1.8292086953425815;1.832325454242766
generate_seasonal_drift;5;50000;ADWIN;increase_and_decay_lr;64;16;5.46651075668721;1.836754429195836;1.8414466161184186
generate_seasonal_drift;5;50000;ADWIN;increase_and_decay_lr;64;32;5.095340690709673;1.7827298466587984;1.7866333642667438
generate_seasonal_drift;5;50000;ADWIN;increase_and_decay_lr;64;64;5.224665385003427;1.8125415936588467;1.8150354057967601
generate_seasonal_drift;5;50000;PageHinkley;increase_lr_only;16;16;6.900759205815274;2.080299483674848;2.083270132635117
generate_seasonal_drift;5;50000;PageHinkley;increase_lr_only;16;32;6.250350328919422;1.983679532919607;1.9857991431849005
generate_seasonal_drift;5;50000;PageHinkley;increase_lr_only;16;64;6.358677922761221;2.004677899758464;2.0063878414516245
generate_seasonal_drift;5;50000;PageHinkley;increase_lr_only;32;16;6.641668391399281;2.038206133966854;2.041188261207173
generate_seasonal_drift;5;50000;PageHinkley;increase_lr_only;32;32;6.2586027426645385;1.98421705815141;1.9869577225298882
generate_seasonal_drift;5;50000;PageHinkley;increase_lr_only;32;64;6.024525481095347;1.9457413672588888;1.948375073147343
generate_seasonal_drift;5;50000;PageHinkley;increase_lr_only;64;16;6.202051048529799;1.9663728918069583;1.969915129052453
generate_seasonal_drift;5;50000;PageHinkley;increase_lr_only;64;32;5.667893872277179;1.88233459582554;1.8851844058543663
generate_seasonal_drift;5;50000;PageHinkley;increase_lr_only;64;64;6.220398030364892;1.9865507890520715;1.9889953488708425
generate_seasonal_drift;5;50000;PageHinkley;increase_and_decay_lr;16;16;5.751619041172556;1.888657777026809;1.8931550504529442
generate_seasonal_drift;5;50000;PageHinkley;increase_and_decay_lr;16;32;5.715962339499393;1.8937590423679214;1.8972195364816875
generate_seasonal_drift;5;50000;PageHinkley;increase_and_decay_lr;16;64;5.686953722135494;1.8923431113510472;1.8950250174810874
generate_seasonal_drift;5;50000;PageHinkley;increase_and_decay_lr;32;16;5.44101477412886;1.8296235418243774;1.8347450113141677
generate_seasonal_drift;5;50000;PageHinkley;increase_and_decay_lr;32;32;5.557374106349783;1.8666914072687222;1.8704155397222992
generate_seasonal_drift;5;50000;PageHinkley;increase_and_decay_lr;32;64;5.568985162376659;1.8707405301869897;1.8737643246810014
generate_seasonal_drift;5;50000;PageHinkley;increase_and_decay_lr;64;16;5.3916739275855345;1.8182490849274069;1.8234651999712796
generate_seasonal_drift;5;50000;PageHinkley;increase_and_decay_lr;64;32;5.118714403443293;1.788492960460231;1.7925229491528694
generate_seasonal_drift;5;50000;PageHinkley;increase_and_decay_lr;64;64;5.196497873877894;1.8064264421159266;1.8093020751859272
generate_ar1_drift;1;20000;ADWIN;increase_lr_only;16;16;1.0831262476876073;0.8265841864148757;0.8265156467113658
generate_ar1_drift;1;20000;ADWIN;increase_lr_only;16;32;1.0821440124874335;0.8261277609441212;0.8261200402568044
generate_ar1_drift;1;20000;ADWIN;increase_lr_only;16;64;1.0850751604719941;0.8270577595543068;0.8268778242758107
generate_ar1_drift;1;20000;ADWIN;increase_lr_only;32;16;1.0710174743553782;0.8220963517061748;0.8216779390984298
generate_ar1_drift;1;20000;ADWIN;increase_lr_only;32;32;1.078467426680065;0.8248830930332167;0.8244714336132557
generate_ar1_drift;1;20000;ADWIN;increase_lr_only;32;64;1.0840938651881646;0.8276639843059828;0.8269902590639807
generate_ar1_drift;1;20000;ADWIN;increase_lr_only;64;16;1.0697021301952794;0.8210604729925204;0.8209989996423106
generate_ar1_drift;1;20000;ADWIN;increase_lr_only;64;32;1.0804148665018432;0.8256832935957334;0.8255394725333622
generate_ar1_drift;1;20000;ADWIN;increase_lr_only;64;64;1.0831008491824972;0.8261639636944982;0.8261228975598673
generate_ar1_drift;1;20000;ADWIN;increase_and_decay_lr;16;16;1.0603973629433043;0.8181435223010745;0.8182128598284218
generate_ar1_drift;1;20000;ADWIN;increase_and_decay_lr;16;32;1.057829745504815;0.8166559634006014;0.8167281183545816
generate_ar1_drift;1;20000;ADWIN;increase_and_decay_lr;16;64;1.0610889257494729;0.817844078639823;0.8177549222683135
generate_ar1_drift;1;20000;ADWIN;increase_and_decay_lr;32;16;1.0580257861507385;0.8179710770620946;0.8173917017975794
generate_ar1_drift;1;20000;ADWIN;increase_and_decay_lr;32;32;1.05778590497597;0.817279323226735;0.8168970373186685
generate_ar1_drift;1;20000;ADWIN;increase_and_decay_lr;32;64;1.0570375699287495;0.8168961331644481;0.8164586085961977
generate_ar1_drift;1;20000;ADWIN;increase_and_decay_lr;64;16;1.061990691604914;0.8184109817473666;0.8183183653953218
generate_ar1_drift;1;20000;ADWIN;increase_and_decay_lr;64;32;1.0597014823655349;0.8172780503190933;0.817372033280842
generate_ar1_drift;1;20000;ADWIN;increase_and_decay_lr;64;64;1.060222822458957;0.8179192545086886;0.8179204815448691
generate_ar1_drift;1;20000;PageHinkley;increase_lr_only;16;16;1.0657697835777467;0.8195583380624607;0.8197536411150109
generate_ar1_drift;1;20000;PageHinkley;increase_lr_only;16;32;1.0723297320245724;0.822350818156586;0.8223644826907756
generate_ar1_drift;1;20000;PageHinkley;increase_lr_only;16;64;1.0817970811662045;0.8260782657275416;0.8259441935757602
generate_ar1_drift;1;20000;PageHinkley;increase_lr_only;32;16;1.073434833912482;0.8237254160454804;0.8231344885885986
generate_ar1_drift;1;20000;PageHinkley;increase_lr_only;32;32;1.0730314790136757;0.8233937453527688;0.8227925544283141
generate_ar1_drift;1;20000;PageHinkley;increase_lr_only;32;64;1.0817792857529562;0.8264266542331727;0.8258184785783249
generate_ar1_drift;1;20000;PageHinkley;increase_lr_only;64;16;1.0706949230677558;0.8225282153963729;0.8228108779727353
generate_ar1_drift;1;20000;PageHinkley;increase_lr_only;64;32;1.0818209309975833;0.8253453874450642;0.8254826137025985
generate_ar1_drift;1;20000;PageHinkley;increase_lr_only;64;64;1.0827759901433904;0.8262304878875432;0.8262835027083618
generate_ar1_drift;1;20000;PageHinkley;increase_and_decay_lr;16;16;1.0645329043849598;0.8195472609059212;0.8196689432513082
generate_ar1_drift;1;20000;PageHinkley;increase_and_decay_lr;16;32;1.0615579283555834;0.8178572263127338;0.8179549001203374
generate_ar1_drift;1;20000;PageHinkley;increase_and_decay_lr;16;64;1.0603741467895462;0.818095313960186;0.8180519076403922
generate_ar1_drift;1;20000;PageHinkley;increase_and_decay_lr;32;16;1.06804733860408;0.8210410166142341;0.8208387455317793
generate_ar1_drift;1;20000;PageHinkley;increase_and_decay_lr;32;32;1.056254469665878;0.8169432737151964;0.8164033832483302
generate_ar1_drift;1;20000;PageHinkley;increase_and_decay_lr;32;64;1.0566868313664926;0.8172189623756356;0.8166669085157758
generate_ar1_drift;1;20000;PageHinkley;increase_and_decay_lr;64;16;1.0593199693891044;0.8180774511639556;0.817946400668894
generate_ar1_drift;1;20000;PageHinkley;increase_and_decay_lr;64;32;1.057979587255642;0.8168978064900952;0.816946725515818
generate_ar1_drift;1;20000;PageHinkley;increase_and_decay_lr;64;64;1.058953203851365;0.8173820910464165;0.8173821393008627
generate_ar1_drift;1;50000;ADWIN;increase_lr_only;16;16;1.0561226314340484;0.8173559012533225;0.8175193810828009
generate_ar1_drift;1;50000;ADWIN;increase_lr_only;16;32;1.0562792836510368;0.8176475939013612;0.817636293103669
generate_ar1_drift;1;50000;ADWIN;increase_lr_only;16;64;1.0551070269666956;0.8172443964792382;0.8172949813151869
generate_ar1_drift;1;50000;ADWIN;increase_lr_only;32;16;1.0526178938498423;0.8163694121645579;0.8161874438322582
generate_ar1_drift;1;50000;ADWIN;increase_lr_only;32;32;1.0558644443390772;0.8175711462483928;0.8173821278488742
generate_ar1_drift;1;50000;ADWIN;increase_lr_only;32;64;1.0549142155908482;0.8171938165062179;0.8170015224155869
generate_ar1_drift;1;50000;ADWIN;increase_lr_only;64;16;1.0530626861138228;0.8163703052796996;0.8163444996917831
generate_ar1_drift;1;50000;ADWIN;increase_lr_only;64;32;1.0566452691748058;0.8176033060635322;0.8175801564334491
generate_ar1_drift;1;50000;ADWIN;increase_lr_only;64;64;1.0558954861054575;0.8173128176287721;0.8173436276529229
generate_ar1_drift;1;50000;ADWIN;increase_and_decay_lr;16;16;1.0432699967972128;0.8127197415318665;0.8127146716051566
generate_ar1_drift;1;50000;ADWIN;increase_and_decay_lr;16;32;1.0431687922621617;0.8125625926714526;0.8126035976331519
generate_ar1_drift;1;50000;ADWIN;increase_and_decay_lr;16;64;1.0442193857950381;0.8130241364034964;0.8129911382673622
generate_ar1_drift;1;50000;ADWIN;increase_and_decay_lr;32;16;1.0442966782342544;0.813301730076138;0.813226179175684
generate_ar1_drift;1;50000;ADWIN;increase_and_decay_lr;32;32;1.042220139517729;0.8123718455438912;0.8122363675594272
generate_ar1_drift;1;50000;ADWIN;increase_and_decay_lr;32;64;1.0440937160729336;0.8133192091174775;0.8131392681496403
generate_ar1_drift;1;50000;ADWIN;increase_and_decay_lr;64;16;1.0433287764950703;0.8132813627053934;0.8133147047788295
generate_ar1_drift;1;50000;ADWIN;increase_and_decay_lr;64;32;1.0447794253344989;0.8135210816787819;0.8135464710353308
generate_ar1_drift;1;50000;ADWIN;increase_and_decay_lr;64;64;1.04326629661133;0.8129197018840292;0.8129651044664636
generate_ar1_drift;1;50000;PageHinkley;increase_lr_only;16;16;1.0547030766773178;0.8170134703088932;0.8170485545446361
generate_ar1_drift;1;50000;PageHinkley;increase_lr_only;16;32;1.0526543365393393;0.816305551908804;0.8163552385811041
generate_ar1_drift;1;50000;PageHinkley;increase_lr_only;16;64;1.0598735666312158;0.8190433340241514;0.8190173312437851
generate_ar1_drift;1;50000;PageHinkley;increase_lr_only;32;16;1.0518614188140674;0.8160376455200786;0.8158277979956189
generate_ar1_drift;1;50000;PageHinkley;increase_lr_only;32;32;1.0559459479873405;0.8177606236957881;0.8175777892380153
generate_ar1_drift;1;50000;PageHinkley;increase_lr_only;32;64;1.057185992727039;0.818075353608271;0.8178864778401016
generate_ar1_drift;1;50000;PageHinkley;increase_lr_only;64;16;1.0542550159326585;0.8166562365733707;0.8166922231011814
generate_ar1_drift;1;50000;PageHinkley;increase_lr_only;64;32;1.0514976826718327;0.8157606710999127;0.8158493566682217
generate_ar1_drift;1;50000;PageHinkley;increase_lr_only;64;64;1.0581037403601996;0.8183476226922803;0.8183198804676981
generate_ar1_drift;1;50000;PageHinkley;increase_and_decay_lr;16;16;1.0422001418599316;0.8125400928004661;0.8125175376194345
generate_ar1_drift;1;50000;PageHinkley;increase_and_decay_lr;16;32;1.0409000590814745;0.81198176516833;0.8119925967087939
generate_ar1_drift;1;50000;PageHinkley;increase_and_decay_lr;16;64;1.0455664380216758;0.8136144452060402;0.8135930173227679
generate_ar1_drift;1;50000;PageHinkley;increase_and_decay_lr;32;16;1.0427822715454773;0.8125700674935432;0.8125632201241875
generate_ar1_drift;1;50000;PageHinkley;increase_and_decay_lr;32;32;1.0412850768982769;0.8121905662535377;0.8121010102048148
generate_ar1_drift;1;50000;PageHinkley;increase_and_decay_lr;32;64;1.044097029587872;0.8134100035067904;0.813259146419775
generate_ar1_drift;1;50000;PageHinkley;increase_and_decay_lr;64;16;1.0439141409478778;0.8134080127739314;0.8134760191729264
generate_ar1_drift;1;50000;PageHinkley;increase_and_decay_lr;64;32;1.0412122317427595;0.8121598020654273;0.812148770662802
generate_ar1_drift;1;50000;PageHinkley;increase_and_decay_lr;64;64;1.0462129411470238;0.8141310405132984;0.8141529953103284
generate_ar1_drift;3;20000;ADWIN;increase_lr_only;16;16;1.1579312704224802;0.855796335247812;0.8558522172252072
generate_ar1_drift;3;20000;ADWIN;increase_lr_only;16;32;1.1541593756901405;0.8556613771841288;0.8554926035563917
generate_ar1_drift;3;20000;ADWIN;increase_lr_only;16;64;1.1727461914871369;0.8620726503087229;0.861711284125953
generate_ar1_drift;3;20000;ADWIN;increase_lr_only;32;16;1.1606962445944542;0.8575043880642953;0.8573348470206091
generate_ar1_drift;3;20000;ADWIN;increase_lr_only;32;32;1.1572234827958885;0.85632635509898;0.8562889389086661
generate_ar1_drift;3;20000;ADWIN;increase_lr_only;32;64;1.1664152065545648;0.8599066624082099;0.8595531390611331
generate_ar1_drift;3;20000;ADWIN;increase_lr_only;64;16;1.1674361152075854;0.8590988468260061;0.8593848760949484
generate_ar1_drift;3;20000;ADWIN;increase_lr_only;64;32;1.1578644964738924;0.856893146237032;0.8570047993589279
generate_ar1_drift;3;20000;ADWIN;increase_lr_only;64;64;1.16538136469518;0.8592271687609299;0.8591563305357863
generate_ar1_drift;3;20000;ADWIN;increase_and_decay_lr;16;16;1.1659366753771112;0.8564128981531796;0.8566886033427367
generate_ar1_drift;3;20000;ADWIN;increase_and_decay_lr;16;32;1.1178947931444423;0.8426950670106561;0.8425783980757093
generate_ar1_drift;3;20000;ADWIN;increase_and_decay_lr;16;64;1.1199054628971974;0.8429831187372817;0.8428226772371793
generate_ar1_drift;3;20000;ADWIN;increase_and_decay_lr;32;16;1.1535065655615688;0.8527623738328849;0.8526015125786123
generate_ar1_drift;3;20000;ADWIN;increase_and_decay_lr;32;32;1.115295686534937;0.8417926097329337;0.8417004900083367
generate_ar1_drift;3;20000;ADWIN;increase_and_decay_lr;32;64;1.1198468318400996;0.8432374520556049;0.8431000174045599
generate_ar1_drift;3;20000;ADWIN;increase_and_decay_lr;64;16;1.1604998037018872;0.8550013179875758;0.8552478375045073
generate_ar1_drift;3;20000;ADWIN;increase_and_decay_lr;64;32;1.117620654831296;0.8422568240537752;0.8423271682074168
generate_ar1_drift;3;20000;ADWIN;increase_and_decay_lr;64;64;1.1182505598599763;0.8425218806269253;0.8425660006088851
generate_ar1_drift;3;20000;PageHinkley;increase_lr_only;16;16;1.1655555287592123;0.8595409679311542;0.8594787487641999
generate_ar1_drift;3;20000;PageHinkley;increase_lr_only;16;32;1.1458224369905698;0.8527977759963279;0.8526200286487045
generate_ar1_drift;3;20000;PageHinkley;increase_lr_only;16;64;1.163523496939617;0.8599020837143625;0.8595958498679959
generate_ar1_drift;3;20000;PageHinkley;increase_lr_only;32;16;1.1537541217535072;0.8550106546683696;0.8549580799151908
generate_ar1_drift;3;20000;PageHinkley;increase_lr_only;32;32;1.154170977435902;0.8560298206156032;0.8556884287583018
generate_ar1_drift;3;20000;PageHinkley;increase_lr_only;32;64;1.1662664345544376;0.8606529574343023;0.860387109306873
generate_ar1_drift;3;20000;PageHinkley;increase_lr_only;64;16;1.1493166829986672;0.8541409336260753;0.8544680590483092
generate_ar1_drift;3;20000;PageHinkley;increase_lr_only;64;32;1.1493950447461612;0.8543293657930876;0.8544197104108687
generate_ar1_drift;3;20000;PageHinkley;increase_lr_only;64;64;1.1692434463415335;0.860574963659859;0.860529467453029
generate_ar1_drift;3;20000;PageHinkley;increase_and_decay_lr;16;16;1.1569072978698742;0.8538160047234272;0.853861847250861
generate_ar1_drift;3;20000;PageHinkley;increase_and_decay_lr;16;32;1.1176777103529714;0.8424326740218469;0.8422478223674363
generate_ar1_drift;3;20000;PageHinkley;increase_and_decay_lr;16;64;1.1166213265016407;0.8422901614842382;0.8421925958418425
generate_ar1_drift;3;20000;PageHinkley;increase_and_decay_lr;32;16;1.1508986362786089;0.8522797284691258;0.8521984272339092
generate_ar1_drift;3;20000;PageHinkley;increase_and_decay_lr;32;32;1.1239784885066695;0.8450140864008628;0.8449496890402187
generate_ar1_drift;3;20000;PageHinkley;increase_and_decay_lr;32;64;1.1194282091546834;0.8431932388476636;0.8430364642725834
generate_ar1_drift;3;20000;PageHinkley;increase_and_decay_lr;64;16;1.158737917796302;0.8543996123956399;0.8545491345849296
generate_ar1_drift;3;20000;PageHinkley;increase_and_decay_lr;64;32;1.1247654885770042;0.8447302735916519;0.8449645027795576
generate_ar1_drift;3;20000;PageHinkley;increase_and_decay_lr;64;64;1.1177125387086218;0.8421412056964367;0.8421854316711016
generate_ar1_drift;3;50000;ADWIN;increase_lr_only;16;16;1.1166651527266773;0.8413890873072348;0.8413576358804551
generate_ar1_drift;3;50000;ADWIN;increase_lr_only;16;32;1.1106316427117224;0.8391197759535756;0.8390956378781723
generate_ar1_drift;3;50000;ADWIN;increase_lr_only;16;64;1.117640638447468;0.841787823174361;0.8417331431296617
generate_ar1_drift;3;50000;ADWIN;increase_lr_only;32;16;1.1174459385520692;0.8413713459763;0.8413799748076213
generate_ar1_drift;3;50000;ADWIN;increase_lr_only;32;32;1.1115138049777147;0.8401910705206079;0.8402216957552595
generate_ar1_drift;3;50000;ADWIN;increase_lr_only;32;64;1.1136421020208507;0.8406290588725107;0.8405597412000654
generate_ar1_drift;3;50000;ADWIN;increase_lr_only;64;16;1.112680663209354;0.8394421382261195;0.8396689618814728
generate_ar1_drift;3;50000;ADWIN;increase_lr_only;64;32;1.1129649707607223;0.8401768424896474;0.8402232351708854
generate_ar1_drift;3;50000;ADWIN;increase_lr_only;64;64;1.116998827009787;0.8414079386551502;0.8414649287504596
generate_ar1_drift;3;50000;ADWIN;increase_and_decay_lr;16;16;1.0947111290112654;0.8321814533798204;0.8321984959978306
generate_ar1_drift;3;50000;ADWIN;increase_and_decay_lr;16;32;1.084413546671286;0.8297297364777442;0.8297093075300029
generate_ar1_drift;3;50000;ADWIN;increase_and_decay_lr;16;64;1.08767678383875;0.8309619107063098;0.830979474413479
generate_ar1_drift;3;50000;ADWIN;increase_and_decay_lr;32;16;1.093535150932961;0.8319194799592593;0.8319060732801381
generate_ar1_drift;3;50000;ADWIN;increase_and_decay_lr;32;32;1.086852360630104;0.8301835788665796;0.830194206597047
generate_ar1_drift;3;50000;ADWIN;increase_and_decay_lr;32;64;1.0869949714509783;0.8307564452498398;0.8307550097856324
generate_ar1_drift;3;50000;ADWIN;increase_and_decay_lr;64;16;1.1027145717387825;0.8349124171728247;0.8351478142161323
generate_ar1_drift;3;50000;ADWIN;increase_and_decay_lr;64;32;1.0895941588460427;0.8311752897444412;0.8313409148600774
generate_ar1_drift;3;50000;ADWIN;increase_and_decay_lr;64;64;1.0867271307125779;0.8304126204729254;0.8304654369265946
generate_ar1_drift;3;50000;PageHinkley;increase_lr_only;16;16;1.113921698963489;0.8404123028456504;0.8403697859622355
generate_ar1_drift;3;50000;PageHinkley;increase_lr_only;16;32;1.1099736353010872;0.839316660285885;0.8392679939266663
generate_ar1_drift;3;50000;PageHinkley;increase_lr_only;16;64;1.1149930898712959;0.8408208350742723;0.8407742257494042
generate_ar1_drift;3;50000;PageHinkley;increase_lr_only;32;16;1.1114705506875058;0.839563525964643;0.8396572190055779
generate_ar1_drift;3;50000;PageHinkley;increase_lr_only;32;32;1.1105772258730353;0.8393823698324487;0.8393990223486023
generate_ar1_drift;3;50000;PageHinkley;increase_lr_only;32;64;1.116006202639614;0.8415079840649557;0.8414426679568117
generate_ar1_drift;3;50000;PageHinkley;increase_lr_only;64;16;1.118199533621532;0.8420451505596404;0.8420570574532085
generate_ar1_drift;3;50000;PageHinkley;increase_lr_only;64;32;1.1090576900366542;0.8387367872363879;0.8388141477103794
generate_ar1_drift;3;50000;PageHinkley;increase_lr_only;64;64;1.1142098094723436;0.8407514019780455;0.8408128421981029
generate_ar1_drift;3;50000;PageHinkley;increase_and_decay_lr;16;16;1.094552652384511;0.8326205838785553;0.8326432198682853
generate_ar1_drift;3;50000;PageHinkley;increase_and_decay_lr;16;32;1.0848875118572423;0.8299334145877374;0.8299642349923507
generate_ar1_drift;3;50000;PageHinkley;increase_and_decay_lr;16;64;1.0874963036808403;0.8309838866857623;0.830960775558653
generate_ar1_drift;3;50000;PageHinkley;increase_and_decay_lr;32;16;1.0990026396221675;0.834121840865316;0.8342380751017318
generate_ar1_drift;3;50000;PageHinkley;increase_and_decay_lr;32;32;1.0878345760854973;0.8308206824405965;0.8308402214428109
generate_ar1_drift;3;50000;PageHinkley;increase_and_decay_lr;32;64;1.086727068809792;0.8306207617941251;0.8306144906132322
generate_ar1_drift;3;50000;PageHinkley;increase_and_decay_lr;64;16;1.0976949741860431;0.8333545146041469;0.8334948526709097
generate_ar1_drift;3;50000;PageHinkley;increase_and_decay_lr;64;32;1.087866444450455;0.8308995076711277;0.8310204034911068
generate_ar1_drift;3;50000;PageHinkley;increase_and_decay_lr;64;64;1.086870187733603;0.8302404736030025;0.8303381245420963
generate_ar1_drift;5;20000;ADWIN;increase_lr_only;16;16;1.2733844455073475;0.893488886902692;0.8934430155591417
generate_ar1_drift;5;20000;ADWIN;increase_lr_only;16;32;1.2441390616768184;0.8861359943611049;0.8859888807373841
generate_ar1_drift;5;20000;ADWIN;increase_lr_only;16;64;1.2375740797228247;0.8838977827541088;0.8837855014542909
generate_ar1_drift;5;20000;ADWIN;increase_lr_only;32;16;1.2418082924518667;0.8848071508559944;0.8848281451127826
generate_ar1_drift;5;20000;ADWIN;increase_lr_only;32;32;1.2294860128166851;0.8814028613553875;0.8814587200986586
generate_ar1_drift;5;20000;ADWIN;increase_lr_only;32;64;1.2352417534270315;0.883263959656449;0.8832917427580702
generate_ar1_drift;5;20000;ADWIN;increase_lr_only;64;16;1.2508531228261162;0.8873425906044363;0.8873721736469822
generate_ar1_drift;5;20000;ADWIN;increase_lr_only;64;32;1.24496731108423;0.8852269338043638;0.8852424766751751
generate_ar1_drift;5;20000;ADWIN;increase_lr_only;64;64;1.232977906028289;0.8819184260313656;0.881831837209976
generate_ar1_drift;5;20000;ADWIN;increase_and_decay_lr;16;16;1.255447330703721;0.885489094706988;0.8854566331329443
generate_ar1_drift;5;20000;ADWIN;increase_and_decay_lr;16;32;1.1879489292211793;0.865587265544357;0.865697519841035
generate_ar1_drift;5;20000;ADWIN;increase_and_decay_lr;16;64;1.1755844631851773;0.8622232024254508;0.8623574340098602
generate_ar1_drift;5;20000;ADWIN;increase_and_decay_lr;32;16;1.2750512794199704;0.8900859290043768;0.8900664484838041
generate_ar1_drift;5;20000;ADWIN;increase_and_decay_lr;32;32;1.1823808655243715;0.863882199829781;0.8639865256868339
generate_ar1_drift;5;20000;ADWIN;increase_and_decay_lr;32;64;1.1771279083901998;0.8628183398458904;0.8629580280633095
generate_ar1_drift;5;20000;ADWIN;increase_and_decay_lr;64;16;1.2613869438538916;0.8873483970626912;0.8873253690260485
generate_ar1_drift;5;20000;ADWIN;increase_and_decay_lr;64;32;1.1817780253710972;0.863314319661506;0.863533083377122
generate_ar1_drift;5;20000;ADWIN;increase_and_decay_lr;64;64;1.1807000802361398;0.8638002842603565;0.863928805722408
generate_ar1_drift;5;20000;PageHinkley;increase_lr_only;16;16;1.2654863254052868;0.8921331183308449;0.891918875506704
generate_ar1_drift;5;20000;PageHinkley;increase_lr_only;16;32;1.2408400964759159;0.8843010661082795;0.8841864526472402
generate_ar1_drift;5;20000;PageHinkley;increase_lr_only;16;64;1.2388536780900417;0.884746106833197;0.8845689705684124
generate_ar1_drift;5;20000;PageHinkley;increase_lr_only;32;16;1.2452223853551214;0.8856596613997326;0.8857683626246842
generate_ar1_drift;5;20000;PageHinkley;increase_lr_only;32;32;1.2450608985173648;0.886110081562438;0.8860248294860447
generate_ar1_drift;5;20000;PageHinkley;increase_lr_only;32;64;1.2381721713392533;0.8844826079360816;0.88445143473804
generate_ar1_drift;5;20000;PageHinkley;increase_lr_only;64;16;1.256025559523784;0.8889139647293448;0.8890022425800204
generate_ar1_drift;5;20000;PageHinkley;increase_lr_only;64;32;1.2437410988553612;0.8858987680169812;0.8857742809730897
generate_ar1_drift;5;20000;PageHinkley;increase_lr_only;64;64;1.2313149911215093;0.8826407934484519;0.882634332465579
generate_ar1_drift;5;20000;PageHinkley;increase_and_decay_lr;16;16;1.2429522354801423;0.8816506124368243;0.8814716303036559
generate_ar1_drift;5;20000;PageHinkley;increase_and_decay_lr;16;32;1.1867280154746942;0.8654836398984089;0.86550525278155
generate_ar1_drift;5;20000;PageHinkley;increase_and_decay_lr;16;64;1.174477748070092;0.861662698166371;0.8617722037605482
generate_ar1_drift;5;20000;PageHinkley;increase_and_decay_lr;32;16;1.2528974812714575;0.8835947534919382;0.8836726532810224
generate_ar1_drift;5;20000;PageHinkley;increase_and_decay_lr;32;32;1.1884840269902224;0.8658663429290838;0.8660679828071107
generate_ar1_drift;5;20000;PageHinkley;increase_and_decay_lr;32;64;1.175115842041123;0.8621994649850157;0.8623994654156447
generate_ar1_drift;5;20000;PageHinkley;increase_and_decay_lr;64;16;1.2634070119981238;0.8882520574450269;0.8882324194489272
generate_ar1_drift;5;20000;PageHinkley;increase_and_decay_lr;64;32;1.1908000659216815;0.8669258775391006;0.8671138212152041
generate_ar1_drift;5;20000;PageHinkley;increase_and_decay_lr;64;64;1.1715245608882798;0.861234368515101;0.8613981681171039
generate_ar1_drift;5;50000;ADWIN;increase_lr_only;16;16;1.1875846755103803;0.8662620897385488;0.8663008382338071
generate_ar1_drift;5;50000;ADWIN;increase_lr_only;16;32;1.1617787426897355;0.8585722345045811;0.858640454151899
generate_ar1_drift;5;50000;ADWIN;increase_lr_only;16;64;1.154926045249963;0.8557050691133907;0.855772551011101
generate_ar1_drift;5;50000;ADWIN;increase_lr_only;32;16;1.172929765628931;0.861232475248706;0.8613900174379344
generate_ar1_drift;5;50000;ADWIN;increase_lr_only;32;32;1.1575710914970039;0.8566681281140546;0.8567775365323356
generate_ar1_drift;5;50000;ADWIN;increase_lr_only;32;64;1.1542920321963221;0.8554790656955346;0.8555861960430315
generate_ar1_drift;5;50000;ADWIN;increase_lr_only;64;16;1.1718483499659897;0.8609434905137595;0.8610390288370653
generate_ar1_drift;5;50000;ADWIN;increase_lr_only;64;32;1.162507746173844;0.8586426623532467;0.858743889852481
generate_ar1_drift;5;50000;ADWIN;increase_lr_only;64;64;1.153708204762886;0.8557306425267517;0.8558418770160768
generate_ar1_drift;5;50000;ADWIN;increase_and_decay_lr;16;16;1.157073461676163;0.8536629547793678;0.8538048326575332
generate_ar1_drift;5;50000;ADWIN;increase_and_decay_lr;16;32;1.1269937915436439;0.844891140573389;0.8450070832857192
generate_ar1_drift;5;50000;ADWIN;increase_and_decay_lr;16;64;1.1200999136352774;0.8436230756626008;0.8437205730608298
generate_ar1_drift;5;50000;ADWIN;increase_and_decay_lr;32;16;1.1503411781341233;0.8516579147000647;0.8518333969266624
generate_ar1_drift;5;50000;ADWIN;increase_and_decay_lr;32;32;1.1251800669750227;0.844557909721954;0.8447546927923986
generate_ar1_drift;5;50000;ADWIN;increase_and_decay_lr;32;64;1.1267199897162363;0.8457261347631347;0.8458648545190685
generate_ar1_drift;5;50000;ADWIN;increase_and_decay_lr;64;16;1.1487594831151644;0.851471531726575;0.8516231679528574
generate_ar1_drift;5;50000;ADWIN;increase_and_decay_lr;64;32;1.1265040266783037;0.844974344634578;0.8451360657702097
generate_ar1_drift;5;50000;ADWIN;increase_and_decay_lr;64;64;1.1261133891705555;0.8453387329340464;0.8454503862554156
generate_ar1_drift;5;50000;PageHinkley;increase_lr_only;16;16;1.177009816128693;0.8624039410227835;0.8624512431651197
generate_ar1_drift;5;50000;PageHinkley;increase_lr_only;16;32;1.1637154744958922;0.8589897659439525;0.8590395840315063
generate_ar1_drift;5;50000;PageHinkley;increase_lr_only;16;64;1.155027691167093;0.8560623227111771;0.8561060375057903
generate_ar1_drift;5;50000;PageHinkley;increase_lr_only;32;16;1.173120303337963;0.8621284591066652;0.8622329924501636
generate_ar1_drift;5;50000;PageHinkley;increase_lr_only;32;32;1.1570274662733215;0.8565261678270139;0.8566262452253905
generate_ar1_drift;5;50000;PageHinkley;increase_lr_only;32;64;1.1551137613304627;0.8558665764742244;0.8559717636724222
generate_ar1_drift;5;50000;PageHinkley;increase_lr_only;64;16;1.1748549909195896;0.8618914870942275;0.8619633894550977
generate_ar1_drift;5;50000;PageHinkley;increase_lr_only;64;32;1.1626834694163575;0.8589719985261861;0.8590847411752762
generate_ar1_drift;5;50000;PageHinkley;increase_lr_only;64;64;1.1589959681479403;0.8571111677736143;0.8571945448220731
generate_ar1_drift;5;50000;PageHinkley;increase_and_decay_lr;16;16;1.1515261574271518;0.8525335212560546;0.8526618111584688
generate_ar1_drift;5;50000;PageHinkley;increase_and_decay_lr;16;32;1.1261661706112613;0.8451765079402571;0.8452702921717732
generate_ar1_drift;5;50000;PageHinkley;increase_and_decay_lr;16;64;1.1242326520780677;0.844751038452229;0.8448541583396464
generate_ar1_drift;5;50000;PageHinkley;increase_and_decay_lr;32;16;1.1543519293704771;0.8529653733449085;0.853086722813716
generate_ar1_drift;5;50000;PageHinkley;increase_and_decay_lr;32;32;1.1278416354806284;0.8456747084589562;0.8458210542291674
generate_ar1_drift;5;50000;PageHinkley;increase_and_decay_lr;32;64;1.1209109260189785;0.8437552943914196;0.8438944657108193
generate_ar1_drift;5;50000;PageHinkley;increase_and_decay_lr;64;16;1.1460374678919256;0.8511507685962489;0.8512797151123451
generate_ar1_drift;5;50000;PageHinkley;increase_and_decay_lr;64;32;1.127816840079936;0.8453140411202622;0.8454465382503873
generate_ar1_drift;5;50000;PageHinkley;increase_and_decay_lr;64;64;1.122082077235122;0.844108117449259;0.8442501933980842
generate_trend_drift;1;20000;None;Baseline;16;16;1.1503587388470642;0.8401880712077748;0.840920997050936
generate_trend_drift;1;20000;None;Baseline;16;32;1.0499842466059297;0.8146635776160189;0.8143425805179523
generate_trend_drift;1;20000;None;Baseline;16;64;1.0458642907698585;0.814393070366517;0.8138621125086543
generate_trend_drift;1;20000;None;Baseline;32;16;1.1594931630150989;0.8418119347953574;0.8433068978256182
generate_trend_drift;1;20000;None;Baseline;32;32;1.0485187296004792;0.8138703587046885;0.8139080440245706
generate_trend_drift;1;20000;None;Baseline;32;64;1.0450439883611826;0.8138542754545554;0.8136455312651845
generate_trend_drift;1;20000;None;Baseline;64;16;1.1575172614088614;0.8412513679275941;0.8425886976176852
generate_trend_drift;1;20000;None;Baseline;64;32;1.0514340740600563;0.8138356552591752;0.8150121170472814
generate_trend_drift;1;20000;None;Baseline;64;64;1.0479123859102986;0.8142630525917463;0.8147383384667427
generate_trend_drift;1;50000;None;Baseline;16;16;1.0655424046474224;0.816303064014534;0.8166487036687566
generate_trend_drift;1;50000;None;Baseline;16;32;1.0300593994204283;0.8081846517097571;0.8079973374756957
generate_trend_drift;1;50000;None;Baseline;16;64;1.0378676308834818;0.8119971580865502;0.8118390198722458
generate_trend_drift;1;50000;None;Baseline;32;16;1.0631228082521986;0.815546402436546;0.816118643372348
generate_trend_drift;1;50000;None;Baseline;32;32;1.030489897472861;0.808115930745422;0.8081581898379846
generate_trend_drift;1;50000;None;Baseline;32;64;1.038530684465904;0.8122079870235152;0.8121604000641974
generate_trend_drift;1;50000;None;Baseline;64;16;1.0804152380404586;0.8192345618741476;0.8207553437687468
generate_trend_drift;1;50000;None;Baseline;64;32;1.031486123295675;0.8081037512944768;0.8085986060269108
generate_trend_drift;1;50000;None;Baseline;64;64;1.038619797985963;0.8119678562890708;0.8121576054845016
generate_trend_drift;3;20000;None;Baseline;16;16;1.1757256500254016;0.8435240235679569;0.8450629011628324
generate_trend_drift;3;20000;None;Baseline;16;32;1.0470995474064733;0.8122624446548726;0.8129004009184614
generate_trend_drift;3;20000;None;Baseline;16;64;1.042951664037841;0.812115553801699;0.8122390911789884
generate_trend_drift;3;20000;None;Baseline;32;16;1.1813593354417622;0.8433965316294909;0.8467956572711
generate_trend_drift;3;20000;None;Baseline;32;32;1.0485803356202534;0.8122761050544292;0.8134249982327347
generate_trend_drift;3;20000;None;Baseline;32;64;1.0434730240545447;0.8119934388362461;0.8124421657386194
generate_trend_drift;3;20000;None;Baseline;64;16;1.2336210372972256;0.8528410309512604;0.8585869853852323
