generate_trend_drift;1;20000;ADWIN;16;16;1.0898190935482115;0.8318548846130333;0.8314282523260845
generate_trend_drift;1;20000;ADWIN;16;32;1.1153996272764066;0.8410330685757013;0.8400889968997639
generate_trend_drift;1;20000;ADWIN;16;64;1.206193174162979;0.8757988718985789;0.8747786156232175
generate_trend_drift;1;20000;ADWIN;32;16;1.0899577600640977;0.8316855951966534;0.8313738958195944
generate_trend_drift;1;20000;ADWIN;32;32;1.1159550886194245;0.8420541860535194;0.8412955053731238
generate_trend_drift;1;20000;ADWIN;32;64;1.1593603927960208;0.8585838199029641;0.8578278785235642
generate_trend_drift;1;20000;ADWIN;64;16;1.0904994218689779;0.8309037772489487;0.8312385735456289
generate_trend_drift;1;20000;ADWIN;64;32;1.1146591011684648;0.8409873175573922;0.840648422935562
generate_trend_drift;1;20000;ADWIN;64;64;1.1595109175951868;0.858599557131023;0.8580771900839015
generate_trend_drift;1;20000;ADWIN;16;16;1.0633803838466818;0.8217920319733368;0.8211590160345069
generate_trend_drift;1;20000;ADWIN;16;32;1.0794084242363782;0.828811813527537;0.8279639071612668
generate_trend_drift;1;20000;ADWIN;16;64;1.1006562896576293;0.8373441321156319;0.8366640208734929
generate_trend_drift;1;20000;ADWIN;32;16;1.065864081600759;0.8219534705818752;0.8218539152413797
generate_trend_drift;1;20000;ADWIN;32;32;1.0783915095638896;0.8281697528279903;0.8274054255057425
generate_trend_drift;1;20000;ADWIN;32;64;1.101251376995171;0.83577349335611;0.8352783348147148
generate_trend_drift;1;20000;ADWIN;64;16;1.0672343648625109;0.8211723256994177;0.8217244966450427
generate_trend_drift;1;20000;ADWIN;64;32;1.0767604035227456;0.8265412725587864;0.8264394789922199
generate_trend_drift;1;20000;ADWIN;64;64;1.1043781018322278;0.836773501719579;0.83671040719085
generate_trend_drift;1;20000;PageHinkley;16;16;1.083111375717841;0.8292916650509394;0.8287088338567542
generate_trend_drift;1;20000;PageHinkley;16;32;1.1394841245913454;0.8515110361597169;0.850521405023173
generate_trend_drift;1;20000;PageHinkley;16;64;1.1520243370713137;0.8566062373406422;0.8558730398848343
generate_trend_drift;1;20000;PageHinkley;32;16;1.0816971479671338;0.8289613793342379;0.8283920408008644
generate_trend_drift;1;20000;PageHinkley;32;32;1.1175673405286395;0.8432506124530325;0.842400458214494
generate_trend_drift;1;20000;PageHinkley;32;64;1.1606801907382034;0.859714857827273;0.8592679809759526
generate_trend_drift;1;20000;PageHinkley;64;16;1.0814933165546972;0.8285016946386239;0.8282150020359463
generate_trend_drift;1;20000;PageHinkley;64;32;1.1213295244380357;0.844277624603873;0.8443207174739883
generate_trend_drift;1;20000;PageHinkley;64;64;1.160197162863243;0.8592187710468389;0.8590064711067497
generate_trend_drift;1;20000;PageHinkley;16;16;1.0647250332478597;0.8220457119444027;0.8214828915285577
generate_trend_drift;1;20000;PageHinkley;16;32;1.0777184054900493;0.8276551136622261;0.8268362109298057
generate_trend_drift;1;20000;PageHinkley;16;64;1.0997163868650806;0.8358653732523461;0.8352692891643035
generate_trend_drift;1;20000;PageHinkley;32;16;1.0669207279274364;0.8218738744505995;0.8218897465879146
generate_trend_drift;1;20000;PageHinkley;32;32;1.0769807188301666;0.8262448578709638;0.8256514159080465
generate_trend_drift;1;20000;PageHinkley;32;64;1.1040010910319324;0.8379932848755582;0.8375315076323787
generate_trend_drift;1;20000;PageHinkley;64;16;1.071738853396192;0.8223122901006172;0.8234644212893077
generate_trend_drift;1;20000;PageHinkley;64;32;1.0773838767302515;0.8268261863001878;0.8265982670455357
generate_trend_drift;1;20000;PageHinkley;64;64;1.1060360297001615;0.8383559607116201;0.8383312266571133
generate_trend_drift;1;50000;ADWIN;16;16;1.0731837112113478;0.8266452706409672;0.8264106725945963
generate_trend_drift;1;50000;ADWIN;16;32;1.0982270674259282;0.8360646658852671;0.8357644795082991
generate_trend_drift;1;50000;ADWIN;16;64;1.1380465203350778;0.8505231773445043;0.8501771709019564
generate_trend_drift;1;50000;ADWIN;32;16;1.0730166386280287;0.8262672274613165;0.8262881497106075
generate_trend_drift;1;50000;ADWIN;32;32;1.100150212169354;0.8367244228368862;0.8365011528585246
generate_trend_drift;1;50000;ADWIN;32;64;1.1319481014726285;0.8491329488909677;0.8488493606718356
generate_trend_drift;1;50000;ADWIN;64;16;1.0742435666787225;0.8262968420189022;0.8265171005530536
generate_trend_drift;1;50000;ADWIN;64;32;1.099464995735814;0.8357661735892384;0.8356826065674553
generate_trend_drift;1;50000;ADWIN;64;64;1.1323416593539102;0.8483215656422791;0.8483095718992325
generate_trend_drift;1;50000;ADWIN;16;16;1.050032184046902;0.8166792418160113;0.8166128787308664
generate_trend_drift;1;50000;ADWIN;16;32;1.0626135762713989;0.8224082891847925;0.8221116415582712
generate_trend_drift;1;50000;ADWIN;16;64;1.0869264483552676;0.8321259286445081;0.8318953203933526
generate_trend_drift;1;50000;ADWIN;32;16;1.049260835799045;0.8163954559939279;0.8165610933857079
generate_trend_drift;1;50000;ADWIN;32;32;1.0631267714314248;0.8225031839280015;0.8222241919363061
generate_trend_drift;1;50000;ADWIN;32;64;1.0888446912378327;0.8329370806504576;0.832693065448956
generate_trend_drift;1;50000;ADWIN;64;16;1.051696662868382;0.8165222531859438;0.8172184009194787
generate_trend_drift;1;50000;ADWIN;64;32;1.0629986083552603;0.8221453256394412;0.8220634107650739
generate_trend_drift;1;50000;ADWIN;64;64;1.0888039809968082;0.8324406011584373;0.8324513837781062
generate_trend_drift;1;50000;PageHinkley;16;16;1.071530113146039;0.8256098492672085;0.8254053201037489
generate_trend_drift;1;50000;PageHinkley;16;32;1.0971608537491326;0.8359062568842317;0.8355197097412126
generate_trend_drift;1;50000;PageHinkley;16;64;1.1364484099979033;0.8499815145936778;0.849690183423574
generate_trend_drift;1;50000;PageHinkley;32;16;1.0704657151518226;0.8255625846346721;0.8253274975023064
generate_trend_drift;1;50000;PageHinkley;32;32;1.096415433537381;0.8353824992395348;0.8350646940167019
generate_trend_drift;1;50000;PageHinkley;32;64;1.1350579810191717;0.8493564575063248;0.8491488975755157
generate_trend_drift;1;50000;PageHinkley;64;16;1.0727414122228558;0.8259380850306917;0.8261390548499014
generate_trend_drift;1;50000;PageHinkley;64;32;1.0994218299665461;0.8359608457217753;0.8359226525350283
generate_trend_drift;1;50000;PageHinkley;64;64;1.1356112005467593;0.8497311595668479;0.8497033904974123
generate_trend_drift;1;50000;PageHinkley;16;16;1.0481917280103163;0.8159281569742661;0.815786545882082
generate_trend_drift;1;50000;PageHinkley;16;32;1.0650062308486001;0.8233376105458811;0.8230304126705255
generate_trend_drift;1;50000;PageHinkley;16;64;1.0886008621773249;0.8319744362821059;0.8317328084375896
generate_trend_drift;1;50000;PageHinkley;32;16;1.0478947083504209;0.8159914092030351;0.8159863732971687
generate_trend_drift;1;50000;PageHinkley;32;32;1.064678065304345;0.8224605089808203;0.8222789307397183
generate_trend_drift;1;50000;PageHinkley;32;64;1.0909478673782713;0.8324605961835091;0.8322587840192275
generate_trend_drift;1;50000;PageHinkley;64;16;1.0497838017716181;0.8163594239909076;0.816840975445381
generate_trend_drift;1;50000;PageHinkley;64;32;1.0663763511547197;0.8235392073688369;0.8235747097337601
generate_trend_drift;1;50000;PageHinkley;64;64;1.087706621770957;0.8320299690867524;0.8320371829956836
generate_trend_drift;3;20000;ADWIN;16;16;1.0791229987761055;0.824919633559331;0.8266541044986669
generate_trend_drift;3;20000;ADWIN;16;32;1.0951546574431061;0.8328747543924561;0.8331418867891072
generate_trend_drift;3;20000;ADWIN;16;64;1.1238252349448405;0.8453754595834135;0.845439399982183
generate_trend_drift;3;20000;ADWIN;32;16;1.0689357303286984;0.8216927923127195;0.8231572652683752
generate_trend_drift;3;20000;ADWIN;32;32;1.0948967566470464;0.8332605051704275;0.8338285441826044
generate_trend_drift;3;20000;ADWIN;32;64;1.1270268647294104;0.8459607026428516;0.846147330581143
generate_trend_drift;3;20000;ADWIN;64;16;1.0666421967358404;0.8206905969176754;0.8224998104364916
generate_trend_drift;3;20000;ADWIN;64;32;1.09651361674139;0.833058671594042;0.8339277573834647
generate_trend_drift;3;20000;ADWIN;64;64;1.128189101539403;0.8462498591151192;0.8465603019408343
generate_trend_drift;3;20000;ADWIN;16;16;1.066681534542597;0.8193213254682172;0.8218529497448868
generate_trend_drift;3;20000;ADWIN;16;32;1.064263964614951;0.8207290304877901;0.8210853667505864
generate_trend_drift;3;20000;ADWIN;16;64;1.0844571845573707;0.8284790933938988;0.8286743403135205
generate_trend_drift;3;20000;ADWIN;32;16;1.0581784578246067;0.8170462032470348;0.8185475088392149
generate_trend_drift;3;20000;ADWIN;32;32;1.0653241489595815;0.8214387140361213;0.8221044649831944
generate_trend_drift;3;20000;ADWIN;32;64;1.0862034523643218;0.8293895546219329;0.8297196961819935
generate_trend_drift;3;20000;ADWIN;64;16;1.0626569264353485;0.8171095356485604;0.8201200671955183
generate_trend_drift;3;20000;ADWIN;64;32;1.0675583295477755;0.8208212205036842;0.8221482276800836
generate_trend_drift;3;20000;ADWIN;64;64;1.0852048615914327;0.8290200897139465;0.829540730476638
generate_trend_drift;3;20000;PageHinkley;16;16;1.0733647751939053;0.8229491528706842;0.8250548935257547
generate_trend_drift;3;20000;PageHinkley;16;32;1.0924932834349426;0.8324310358959239;0.8329020219866569
generate_trend_drift;3;20000;PageHinkley;16;64;1.1260103429641437;0.8453998917826264;0.8454227842102715
generate_trend_drift;3;20000;PageHinkley;32;16;1.0690711307918905;0.821587018837589;0.8232622608735162
generate_trend_drift;3;20000;PageHinkley;32;32;1.0938617767176895;0.8331273877429316;0.8337130079824606
generate_trend_drift;3;20000;PageHinkley;32;64;1.1250913668961624;0.8454842987454358;0.8456528031060887
generate_trend_drift;3;20000;PageHinkley;64;16;1.069675311512351;0.8209841144408744;0.8231441791501587
generate_trend_drift;3;20000;PageHinkley;64;32;1.0912147907331273;0.8306259137731712;0.8318201074140135
generate_trend_drift;3;20000;PageHinkley;64;64;1.1281260446852681;0.8464528675350925;0.8468948253502835
generate_trend_drift;3;20000;PageHinkley;16;16;1.0576720446156196;0.8169687732155083;0.8186413106271622
generate_trend_drift;3;20000;PageHinkley;16;32;1.060680415196667;0.8192168221183146;0.8194994691448876
generate_trend_drift;3;20000;PageHinkley;16;64;1.0849737523482026;0.8298659259068837;0.8299907493868096
generate_trend_drift;3;20000;PageHinkley;32;16;1.061290739077724;0.8170936474545217;0.8196186193784413
generate_trend_drift;3;20000;PageHinkley;32;32;1.066984027879481;0.8219058493713721;0.8226942419250218
generate_trend_drift;3;20000;PageHinkley;32;64;1.08512359052155;0.8294123413100687;0.829845528647032
generate_trend_drift;3;20000;PageHinkley;64;16;1.06798384799045;0.817387836716279;0.8214673331379405
generate_trend_drift;3;20000;PageHinkley;64;32;1.0647355922932253;0.820094482712559;0.8210794861490291
generate_trend_drift;3;20000;PageHinkley;64;64;1.0846380564261553;0.8282862953301305;0.8287639231711624
generate_trend_drift;3;50000;ADWIN;16;16;1.0679420302048037;0.8231261319678849;0.8238566550179492
generate_trend_drift;3;50000;ADWIN;16;32;1.0847200822541678;0.8304792491488471;0.8305937452225755
generate_trend_drift;3;50000;ADWIN;16;64;1.1093808116852835;0.8401896579635003;0.8402333494252555
generate_trend_drift;3;50000;ADWIN;32;16;1.064310789064941;0.82189417226501;0.8224491769171105
generate_trend_drift;3;50000;ADWIN;32;32;1.0857217801296444;0.8307005610379044;0.831099077757553
generate_trend_drift;3;50000;ADWIN;32;64;1.1110354468272947;0.8410235671473227;0.8411453924550341
generate_trend_drift;3;50000;ADWIN;64;16;1.0655752778286827;0.821634019746858;0.822760093646863
generate_trend_drift;3;50000;ADWIN;64;32;1.0854031778695319;0.8302173322907003;0.8306690392904512
generate_trend_drift;3;50000;ADWIN;64;64;1.1144526958791872;0.8419903491491109;0.8421520951059052
generate_trend_drift;3;50000;ADWIN;16;16;1.0446644918307288;0.8138489667293475;0.8143336165802177
generate_trend_drift;3;50000;ADWIN;16;32;1.0561416881660755;0.8186916651459765;0.8187844895425295
generate_trend_drift;3;50000;ADWIN;16;64;1.0784671885294894;0.8282472406083263;0.8282974784046864
generate_trend_drift;3;50000;ADWIN;32;16;1.0491377241473216;0.8147879974720579;0.8160735296724102
generate_trend_drift;3;50000;ADWIN;32;32;1.0589524693752221;0.8200009899220759;0.8202638775251896
generate_trend_drift;3;50000;ADWIN;32;64;1.0800750202231353;0.8283967569104531;0.8285564339446548
generate_trend_drift;3;50000;ADWIN;64;16;1.0517537381801532;0.8151236321501999;0.8170682592206306
generate_trend_drift;3;50000;ADWIN;64;32;1.0593069828073038;0.8198601355063931;0.8203289368209566
generate_trend_drift;3;50000;ADWIN;64;64;1.0796259789867535;0.8280250887726041;0.828226529495004
generate_trend_drift;3;50000;PageHinkley;16;16;1.065980722275108;0.8222053928160998;0.822856805864012
generate_trend_drift;3;50000;PageHinkley;16;32;1.0846265555219214;0.8301132331029003;0.8302536209638547
generate_trend_drift;3;50000;PageHinkley;16;64;1.1111245365862752;0.8406184622418539;0.8405978310868782
generate_trend_drift;3;50000;PageHinkley;32;16;1.0640235901965973;0.8216608605842455;0.822292481249612
generate_trend_drift;3;50000;PageHinkley;32;32;1.0841826043316543;0.8300755476993111;0.8303665394972389
generate_trend_drift;3;50000;PageHinkley;32;64;1.110692925249906;0.8408470313286146;0.8409481812359637
generate_trend_drift;3;50000;PageHinkley;64;16;1.0627369348494156;0.8212122640869635;0.8218992636571494
generate_trend_drift;3;50000;PageHinkley;64;32;1.0850697831102625;0.8303744968696181;0.8306601907513264
generate_trend_drift;3;50000;PageHinkley;64;64;1.11332266263888;0.8417095017310301;0.8418663625877102
generate_trend_drift;3;50000;PageHinkley;16;16;1.047140209959704;0.814855082715438;0.8155506374403677
generate_trend_drift;3;50000;PageHinkley;16;32;1.0585975419498936;0.8196527934454076;0.8198710633341191
generate_trend_drift;3;50000;PageHinkley;16;64;1.078860284226878;0.8281187519159864;0.8281656921248768
generate_trend_drift;3;50000;PageHinkley;32;16;1.0449058775222047;0.8139665066263541;0.8144793427393336
generate_trend_drift;3;50000;PageHinkley;32;32;1.0596351538210662;0.8199014907101034;0.8202787890479063
generate_trend_drift;3;50000;PageHinkley;32;64;1.0796628970889872;0.8279341885580094;0.8280839356782035
generate_trend_drift;3;50000;PageHinkley;64;16;1.0504659560187726;0.8147284141269169;0.8165118596605698
generate_trend_drift;3;50000;PageHinkley;64;32;1.058568642738043;0.8197046138445737;0.8201334006410794
generate_trend_drift;3;50000;PageHinkley;64;64;1.0790923575907163;0.8280853400670165;0.8283036337780907
generate_trend_drift;5;20000;ADWIN;16;16;1.0778029602520753;0.8243971554707903;0.82646084778843
generate_trend_drift;5;20000;ADWIN;16;32;1.09236352243786;0.8319064313116055;0.8324525436025569
generate_trend_drift;5;20000;ADWIN;16;64;1.1261512920120806;0.8448304955231623;0.844864847071788
generate_trend_drift;5;20000;ADWIN;32;16;1.0708774220003807;0.8226919446747873;0.8238192002881521
generate_trend_drift;5;20000;ADWIN;32;32;1.093602414886309;0.8321735452112672;0.8329767342121415
generate_trend_drift;5;20000;ADWIN;32;64;1.1274789186367669;0.8459823408969057;0.8460880176414951
generate_trend_drift;5;20000;ADWIN;64;16;1.0705379502875165;0.8222286488700222;0.8237703983125577
generate_trend_drift;5;20000;ADWIN;64;32;1.092888411918463;0.8319155566068552;0.8327920594346825
generate_trend_drift;5;20000;ADWIN;64;64;1.129566447923745;0.8467586872389615;0.8470032753159007
generate_trend_drift;5;20000;ADWIN;16;16;1.0637087034167994;0.8183168558330888;0.8206851544124101
generate_trend_drift;5;20000;ADWIN;16;32;1.0665167317442557;0.8215911842511705;0.8222707688780106
generate_trend_drift;5;20000;ADWIN;16;64;1.0858978437356914;0.8296025569684613;0.8297742571770471
generate_trend_drift;5;20000;ADWIN;32;16;1.0632303520578716;0.8172781203967063;0.8205455170410016
generate_trend_drift;5;20000;ADWIN;32;32;1.0665116791682148;0.8214301052243475;0.8223266317471802
generate_trend_drift;5;20000;ADWIN;32;64;1.0872166482951844;0.8299127894410976;0.8302577126615245
generate_trend_drift;5;20000;ADWIN;64;16;1.0682946616381237;0.8180080557754199;0.822235655504089
generate_trend_drift;5;20000;ADWIN;64;32;1.0687737648084201;0.8216417894169764;0.822827658859675
generate_trend_drift;5;20000;ADWIN;64;64;1.0886366955031914;0.8304793149509945;0.8309552697416239
generate_trend_drift;5;20000;PageHinkley;16;16;1.0693566402997539;0.8221340769468337;0.8236178143342898
generate_trend_drift;5;20000;PageHinkley;16;32;1.0952986421833804;0.8326900861507749;0.8335398954653992
generate_trend_drift;5;20000;PageHinkley;16;64;1.1262067644259415;0.8456363866997693;0.8457199028798277
generate_trend_drift;5;20000;PageHinkley;32;16;1.071009114598639;0.8228769949685641;0.824194097569069
generate_trend_drift;5;20000;PageHinkley;32;32;1.0925365830865839;0.8317626132721441;0.8325838929259379
generate_trend_drift;5;20000;PageHinkley;32;64;1.1278307402654975;0.8459707735744881;0.8460498659883459
generate_trend_drift;5;20000;PageHinkley;64;16;1.0729443987195768;0.822849582236166;0.8246036479451408
generate_trend_drift;5;20000;PageHinkley;64;32;1.092749785204634;0.8321151072151388;0.8326656993622047
generate_trend_drift;5;20000;PageHinkley;64;64;1.1265703087214218;0.845271849393159;0.8455940839878611
generate_trend_drift;5;20000;PageHinkley;16;16;1.0588460134610655;0.8166531907704734;0.8188558122586068
generate_trend_drift;5;20000;PageHinkley;16;32;1.066195134110732;0.8215918043661756;0.8221186002913274
generate_trend_drift;5;20000;PageHinkley;16;64;1.0844043242248123;0.828830183009879;0.8291366145695546
generate_trend_drift;5;20000;PageHinkley;32;16;1.0677418539181907;0.818064669624926;0.8219767742971621
generate_trend_drift;5;20000;PageHinkley;32;32;1.0688717807798895;0.8225440410846728;0.8234410363440521
generate_trend_drift;5;20000;PageHinkley;32;64;1.0870335254007024;0.8297211316955144;0.8299983248001902
generate_trend_drift;5;20000;PageHinkley;64;16;1.0756894478803862;0.818908231863559;0.8246129225890181
generate_trend_drift;5;20000;PageHinkley;64;32;1.070220765262649;0.8218239586357349;0.8238115969553506
generate_trend_drift;5;20000;PageHinkley;64;64;1.0877077801597423;0.8300186534794747;0.8305864563504425
generate_trend_drift;5;50000;ADWIN;16;16;1.0592493481067142;0.8192545366341706;0.8205629062153775
generate_trend_drift;5;50000;ADWIN;16;32;1.0754108366674744;0.8267207722235805;0.8269552247008194
generate_trend_drift;5;50000;ADWIN;16;64;1.0994193349522137;0.8358734423132849;0.8359183481421617
generate_trend_drift;5;50000;ADWIN;32;16;1.0570705427904203;0.8193791332566723;0.8198466643108353
generate_trend_drift;5;50000;ADWIN;32;32;1.0763056311151036;0.8269960444236666;0.827251662246497
generate_trend_drift;5;50000;ADWIN;32;64;1.1016186221273172;0.8369439075105662;0.8370776554901216
generate_trend_drift;5;50000;ADWIN;64;16;1.0559766527421284;0.8184260739839735;0.8191862113340986
generate_trend_drift;5;50000;ADWIN;64;32;1.075390077930642;0.8265646306575897;0.8268896403153406
generate_trend_drift;5;50000;ADWIN;64;64;1.1082848827683602;0.8390885333456248;0.8392706840063031
generate_trend_drift;5;50000;ADWIN;16;16;1.040394617228894;0.8119699805267839;0.8129313301980566
generate_trend_drift;5;50000;ADWIN;16;32;1.0473711458264552;0.8157039609110546;0.8159625346470677
generate_trend_drift;5;50000;ADWIN;16;64;1.0713517582389172;0.8252694263392822;0.825355239873591
generate_trend_drift;5;50000;ADWIN;32;16;1.0414623460808017;0.8122243580952322;0.8133683866049451
generate_trend_drift;5;50000;ADWIN;32;32;1.049098100148504;0.8161151022405817;0.8164927981113356
generate_trend_drift;5;50000;ADWIN;32;64;1.0686194799400341;0.8242613417145744;0.8244055941700339
generate_trend_drift;5;50000;ADWIN;64;16;1.0452047618373659;0.8120767105872064;0.8144981833172587
generate_trend_drift;5;50000;ADWIN;64;32;1.0508291429071783;0.8167272752280208;0.817338760564589
generate_trend_drift;5;50000;ADWIN;64;64;1.0696927588683127;0.8245591306191403;0.8247329681210258
generate_trend_drift;5;50000;PageHinkley;16;16;1.0561954781678442;0.8185080524904009;0.8193608504650273
generate_trend_drift;5;50000;PageHinkley;16;32;1.0751472253675267;0.8266568003310082;0.8268422439128575
generate_trend_drift;5;50000;PageHinkley;16;64;1.0987949067489056;0.8359321931035653;0.8359841807912641
generate_trend_drift;5;50000;PageHinkley;32;16;1.0573877181413933;0.819428459878135;0.8200641058986572
generate_trend_drift;5;50000;PageHinkley;32;32;1.076234560289106;0.8270143158294466;0.8271354779467199
generate_trend_drift;5;50000;PageHinkley;32;64;1.0999252014036682;0.836208336993918;0.8362815493305956
generate_trend_drift;5;50000;PageHinkley;64;16;1.0564608106294002;0.8190202130562055;0.8195676952528862
generate_trend_drift;5;50000;PageHinkley;64;32;1.073209178374851;0.8259099378856347;0.8261263473130236
generate_trend_drift;5;50000;PageHinkley;64;64;1.1032514223264254;0.8374791641946192;0.8376058880209885
generate_trend_drift;5;50000;PageHinkley;16;16;1.0407890465101448;0.8120221812792472;0.8131356649103761
generate_trend_drift;5;50000;PageHinkley;16;32;1.048965807867528;0.8163179665380386;0.8165376462409316
generate_trend_drift;5;50000;PageHinkley;16;64;1.0674638484552523;0.8236540608150695;0.8237719509885354
generate_trend_drift;5;50000;PageHinkley;32;16;1.040897763059224;0.8120587378880733;0.8132052955455038
generate_trend_drift;5;50000;PageHinkley;32;32;1.0490901814896505;0.8163232388576928;0.8166963489409482
generate_trend_drift;5;50000;PageHinkley;32;64;1.0675135445964548;0.8236763109095138;0.8238552822650171
generate_trend_drift;5;50000;PageHinkley;64;16;1.0413870414720963;0.8117905519445069;0.8132324096203943
generate_trend_drift;5;50000;PageHinkley;64;32;1.0499297136433916;0.8163700239749302;0.8170143825751608
generate_trend_drift;5;50000;PageHinkley;64;64;1.0719983252448673;0.825574712102285;0.8257618644179282
generate_seasonal_drift;1;20000;ADWIN;16;16;28.670558578548093;4.3578718521708275;4.337246306054145
generate_seasonal_drift;1;20000;ADWIN;16;32;31.497474226935356;4.565898067169579;4.539440109355716
generate_seasonal_drift;1;20000;ADWIN;16;64;33.11328520347305;4.7337681626604;4.704128176570043
generate_seasonal_drift;1;20000;ADWIN;32;16;25.25377207400117;4.11950086152688;4.100769548137368
generate_seasonal_drift;1;20000;ADWIN;32;32;52.95263312651465;6.004290944448196;5.964953874609469
generate_seasonal_drift;1;20000;ADWIN;32;64;82.45047232087079;7.745905919578361;7.686208935766048
generate_seasonal_drift;1;20000;ADWIN;64;16;14.296846582446774;2.904013384343086;2.8975932909671687
generate_seasonal_drift;1;20000;ADWIN;64;32;67.84274238034068;6.542989128790904;6.4973135873481755
generate_seasonal_drift;1;20000;ADWIN;64;64;55.3314179373106;5.959754454308611;5.917816545699542
generate_seasonal_drift;1;20000;ADWIN;16;16;10.280643981905598;2.512225299877427;2.509764409919692
generate_seasonal_drift;1;20000;ADWIN;16;32;23.172091256972426;3.9636474743485453;3.9452741491582968
generate_seasonal_drift;1;20000;ADWIN;16;64;37.54821324732334;4.982396899977883;4.95026084454581
generate_seasonal_drift;1;20000;ADWIN;32;16;9.749565199572093;2.441045951697258;2.440694260559842
generate_seasonal_drift;1;20000;ADWIN;32;32;17.495731140031506;3.28583193251684;3.273713203882485
generate_seasonal_drift;1;20000;ADWIN;32;64;40.750064013191725;5.20393919554728;5.169844684845884
generate_seasonal_drift;1;20000;ADWIN;64;16;9.458628625835114;2.3358483789615607;2.3389000793755277
generate_seasonal_drift;1;20000;ADWIN;64;32;26.526328898280923;3.934275278765247;3.9157698778756993
generate_seasonal_drift;1;20000;ADWIN;64;64;96.39623220332437;8.488232279768567;8.421518708797123
generate_seasonal_drift;1;20000;PageHinkley;16;16;23.432174492252955;3.965218922374584;3.9503511669676454
generate_seasonal_drift;1;20000;PageHinkley;16;32;42.02799559043607;5.363102195877935;5.328528929559933
generate_seasonal_drift;1;20000;PageHinkley;16;64;42.934304474217754;5.422080740623321;5.385335650436693
generate_seasonal_drift;1;20000;PageHinkley;32;16;20.90704220621963;3.681115549386175;3.6691694508656676
generate_seasonal_drift;1;20000;PageHinkley;32;32;43.617722302233226;5.415760159228487;5.380327943408561
generate_seasonal_drift;1;20000;PageHinkley;32;64;106.94306603410499;9.129380534311302;9.056056758482532
generate_seasonal_drift;1;20000;PageHinkley;64;16;24.392420256055836;3.76128305483838;3.7453404170465485
generate_seasonal_drift;1;20000;PageHinkley;64;32;110.80872730014362;9.358415992058806;9.283848775753656
generate_seasonal_drift;1;20000;PageHinkley;64;64;106.96941340774367;9.1176057986803;9.04431085629997
generate_seasonal_drift;1;20000;PageHinkley;16;16;11.206981477606197;2.634723980496606;2.631899405007972
generate_seasonal_drift;1;20000;PageHinkley;16;32;25.058747370243545;4.097745454211202;4.077673672540359
generate_seasonal_drift;1;20000;PageHinkley;16;64;39.38110623109042;5.033152829908401;5.000946955478529
generate_seasonal_drift;1;20000;PageHinkley;32;16;8.630006720120766;2.2836112590294015;2.2843073429468905
generate_seasonal_drift;1;20000;PageHinkley;32;32;25.46776297728635;4.1380851155417275;4.116825571806075
generate_seasonal_drift;1;20000;PageHinkley;32;64;40.428190191968824;5.133945708947892;5.100734715101471
generate_seasonal_drift;1;20000;PageHinkley;64;16;8.591979358733054;2.2440146925933377;2.247383521805124
generate_seasonal_drift;1;20000;PageHinkley;64;32;18.914444521215795;3.3427800581167975;3.3298683114163725
generate_seasonal_drift;1;20000;PageHinkley;64;64;39.072912017606264;5.124808836598288;5.091191891429835
generate_seasonal_drift;1;50000;ADWIN;16;16;23.130588573213963;3.9224099340809806;3.916019494675855
generate_seasonal_drift;1;50000;ADWIN;16;32;26.161771095956354;4.1003399229478745;4.091411154004927
generate_seasonal_drift;1;50000;ADWIN;16;64;31.680978273308536;4.541466834203443;4.530355016523841
generate_seasonal_drift;1;50000;ADWIN;32;16;13.866811778271183;2.8855133550120144;2.8829892397558647
generate_seasonal_drift;1;50000;ADWIN;32;32;33.186480767263525;4.7399698115708455;4.729435422920732
generate_seasonal_drift;1;50000;ADWIN;32;64;98.53226310195414;8.618389286045623;8.59125508648277
generate_seasonal_drift;1;50000;ADWIN;64;16;13.191721169561946;2.765021416531762;2.7632305810769
generate_seasonal_drift;1;50000;ADWIN;64;32;68.62957931489184;6.800416851164529;6.781623894701605
generate_seasonal_drift;1;50000;ADWIN;64;64;68.99807941557413;6.756118954693785;6.736369168376464
generate_seasonal_drift;1;50000;ADWIN;16;16;7.64020664637521;2.168293216806573;2.1696113652657605
generate_seasonal_drift;1;50000;ADWIN;16;32;21.067077017861905;3.7240882031603837;3.7170271435834494
generate_seasonal_drift;1;50000;ADWIN;16;64;30.463162744369793;4.537052680304401;4.526086445201189
generate_seasonal_drift;1;50000;ADWIN;32;16;8.02165652463889;2.189198988702909;2.190735155067755
generate_seasonal_drift;1;50000;ADWIN;32;32;11.097987138945994;2.580925503583883;2.579677791588842
generate_seasonal_drift;1;50000;ADWIN;32;64;55.829806316055524;6.111340686519303;6.09412504328648
generate_seasonal_drift;1;50000;ADWIN;64;16;7.0617433307778725;2.0629870515958393;2.0649954153793137
generate_seasonal_drift;1;50000;ADWIN;64;32;39.148301202444166;4.986828553976384;4.974808189387408
generate_seasonal_drift;1;50000;ADWIN;64;64;53.90205013005047;5.935128164032648;5.918537334608226
generate_seasonal_drift;1;50000;PageHinkley;16;16;22.305050014187785;3.8411900564128763;3.8351416398724005
generate_seasonal_drift;1;50000;PageHinkley;16;32;26.953378298203233;4.211937377286913;4.202719499984883
generate_seasonal_drift;1;50000;PageHinkley;16;64;43.98827841429301;5.433128688966994;5.418444406472071
generate_seasonal_drift;1;50000;PageHinkley;32;16;12.098317635034872;2.660919053033703;2.6590218959963314
generate_seasonal_drift;1;50000;PageHinkley;32;32;74.34997855413374;7.2199133752584315;7.198815065138895
generate_seasonal_drift;1;50000;PageHinkley;32;64;59.071009201558006;6.305150974445569;6.286945798875525
generate_seasonal_drift;1;50000;PageHinkley;64;16;12.714711002185656;2.7136579515689543;2.711591729414743
generate_seasonal_drift;1;50000;PageHinkley;64;32;56.02098508190937;6.04916451460787;6.032751558400385
generate_seasonal_drift;1;50000;PageHinkley;64;64;69.3187663898203;6.7913315291975715;6.7713635165112445
generate_seasonal_drift;1;50000;PageHinkley;16;16;8.57135670873164;2.2936098209966604;2.293783043041973
generate_seasonal_drift;1;50000;PageHinkley;16;32;23.19184332712283;3.8525664966250024;3.845287242873748
generate_seasonal_drift;1;50000;PageHinkley;16;64;30.942010653992337;4.5663369512241765;4.555303127113381
generate_seasonal_drift;1;50000;PageHinkley;32;16;8.816746865858317;2.2859685310852194;2.286781076707664
generate_seasonal_drift;1;50000;PageHinkley;32;32;13.856444210400985;2.8644060363786497;2.8614621422317814
generate_seasonal_drift;1;50000;PageHinkley;32;64;56.49120166615119;6.168479276633514;6.150990363301581
generate_seasonal_drift;1;50000;PageHinkley;64;16;6.567226566098895;1.9839161476048637;1.984917291261474
generate_seasonal_drift;1;50000;PageHinkley;64;32;15.209623177254189;2.940672056807398;2.9372220162255407
generate_seasonal_drift;1;50000;PageHinkley;64;64;43.24709325689524;5.298874641466882;5.284978716407128
generate_seasonal_drift;3;20000;ADWIN;16;16;24.75398325109858;4.086754118292462;4.070373905863273
generate_seasonal_drift;3;20000;ADWIN;16;32;35.25711976134987;4.7912675658940875;4.764966205855961
generate_seasonal_drift;3;20000;ADWIN;16;64;49.75811746729064;5.855468059337015;5.815523949525565
generate_seasonal_drift;3;20000;ADWIN;32;16;21.06723935077557;3.652072047341834;3.6412113119933145
generate_seasonal_drift;3;20000;ADWIN;32;32;43.90247060660803;5.363091987996165;5.330349274619202
generate_seasonal_drift;3;20000;ADWIN;32;64;56.530975527838635;6.080835870441546;6.039148736320501
generate_seasonal_drift;3;20000;ADWIN;64;16;10.703506227566594;2.502528719800123;2.5005808893307506
generate_seasonal_drift;3;20000;ADWIN;64;32;76.85262054982314;7.328106681122872;7.276627649061859
generate_seasonal_drift;3;20000;ADWIN;64;64;107.22464426276352;9.113815335390862;9.04105756331585
generate_seasonal_drift;3;20000;ADWIN;16;16;10.592186527133462;2.568469504049504;2.567265931670118
generate_seasonal_drift;3;20000;ADWIN;16;32;25.72391872702903;4.204066682233936;4.1839986621716125
generate_seasonal_drift;3;20000;ADWIN;16;64;50.18798842697346;5.768296074092253;5.731372194960445
generate_seasonal_drift;3;20000;ADWIN;32;16;7.0039258875552335;2.053055621240573;2.05787229145342
generate_seasonal_drift;3;20000;ADWIN;32;32;11.62344510650893;2.655756251278859;2.6518877314982743
generate_seasonal_drift;3;20000;ADWIN;32;64;44.19625286706147;5.446003919616293;5.411199448286191
generate_seasonal_drift;3;20000;ADWIN;64;16;5.8973714893937785;1.8948742400351062;1.90032872261108
generate_seasonal_drift;3;20000;ADWIN;64;32;16.790628105439833;3.01443658030339;3.005757112596797
generate_seasonal_drift;3;20000;ADWIN;64;64;36.927634759199584;4.87427906382144;4.846267637245456
generate_seasonal_drift;3;20000;PageHinkley;16;16;24.39688277673445;4.014966523087715;3.9982844006629574
generate_seasonal_drift;3;20000;PageHinkley;16;32;38.321385251872535;5.102541283963379;5.072756984608517
generate_seasonal_drift;3;20000;PageHinkley;16;64;65.67589116608612;6.651545612633394;6.603255600268819
generate_seasonal_drift;3;20000;PageHinkley;32;16;15.851846024117549;3.1329237811706068;3.124534130821606
generate_seasonal_drift;3;20000;PageHinkley;32;32;43.9866580088393;5.425252441107109;5.392989347614228
generate_seasonal_drift;3;20000;PageHinkley;32;64;106.66086304200354;9.065192527487113;8.994196392286446
generate_seasonal_drift;3;20000;PageHinkley;64;16;25.084405618634197;4.013298353613369;3.998099730498072
generate_seasonal_drift;3;20000;PageHinkley;64;32;67.54615736351805;6.674925653037903;6.62939520822098
generate_seasonal_drift;3;20000;PageHinkley;64;64;105.94789219872325;9.018900593300401;8.947274909029233
generate_seasonal_drift;3;20000;PageHinkley;16;16;9.6178780768087;2.437558550444672;2.436693800035402
generate_seasonal_drift;3;20000;PageHinkley;16;32;28.036320731655636;4.3341964496590055;4.313908430288924
generate_seasonal_drift;3;20000;PageHinkley;16;64;32.33062489297369;4.758057774475237;4.729580920355434
generate_seasonal_drift;3;20000;PageHinkley;32;16;9.280593653308665;2.345746415454533;2.3483366465426605
generate_seasonal_drift;3;20000;PageHinkley;32;32;48.869135217369546;5.697192835298407;5.662704763517608
generate_seasonal_drift;3;20000;PageHinkley;32;64;61.59912723885412;6.541227057118645;6.495860429811262
generate_seasonal_drift;3;20000;PageHinkley;64;16;6.41716044239816;1.962305569325835;1.9671244414438782
generate_seasonal_drift;3;20000;PageHinkley;64;32;16.02987992016553;3.026306489689294;3.01846946408579
generate_seasonal_drift;3;20000;PageHinkley;64;64;68.42373712175505;6.788777763313793;6.741377546011364
generate_seasonal_drift;3;50000;ADWIN;16;16;20.168691216705508;3.605938745426751;3.6014625076824625
generate_seasonal_drift;3;50000;ADWIN;16;32;30.513816860297442;4.551632018988557;4.542311740967385
generate_seasonal_drift;3;50000;ADWIN;16;64;32.07078785990739;4.7083601766707694;4.696951470534417
generate_seasonal_drift;3;50000;ADWIN;32;16;9.2494984667961;2.3463277717879247;2.3472871706224447
generate_seasonal_drift;3;50000;ADWIN;32;32;32.82856845262339;4.631412201753533;4.62163581513435
generate_seasonal_drift;3;50000;ADWIN;32;64;45.624287037140256;5.603275804946763;5.588672591442808
generate_seasonal_drift;3;50000;ADWIN;64;16;7.806610862963424;2.170152738706779;2.1706928346575096
generate_seasonal_drift;3;50000;ADWIN;64;32;35.23604863705929;4.772688009902737;4.7627442733003305
generate_seasonal_drift;3;50000;ADWIN;64;64;73.90406952770589;7.074919824221874;7.054306736377386
generate_seasonal_drift;3;50000;ADWIN;16;16;7.697637016879504;2.1768844534235092;2.1777944845572548
generate_seasonal_drift;3;50000;ADWIN;16;32;13.334138242354934;2.877093549042886;2.8743305445231213
generate_seasonal_drift;3;50000;ADWIN;16;64;25.4588028573395;4.1307711853305;4.122002894441459
generate_seasonal_drift;3;50000;ADWIN;32;16;7.021316634517981;2.064348056431276;2.066498674321985
generate_seasonal_drift;3;50000;ADWIN;32;32;23.4095294128886;3.6996501168068954;3.693648370041885
generate_seasonal_drift;3;50000;ADWIN;32;64;37.7772414486011;5.0606317003287415;5.048789745103583
generate_seasonal_drift;3;50000;ADWIN;64;16;5.389981606847291;1.8220653627521322;1.8253085908495803
generate_seasonal_drift;3;50000;ADWIN;64;32;8.214505519347247;2.2051554816013534;2.205408431210181
generate_seasonal_drift;3;50000;ADWIN;64;64;41.86504894879901;5.186234002790484;5.173224120925144
generate_seasonal_drift;3;50000;PageHinkley;16;16;26.797217781388554;4.203537338598852;4.196357048463336
generate_seasonal_drift;3;50000;PageHinkley;16;32;38.20856687909422;4.989813220168618;4.978432903502332
generate_seasonal_drift;3;50000;PageHinkley;16;64;41.03239934005001;5.228665152979452;5.215048420664952
generate_seasonal_drift;3;50000;PageHinkley;32;16;11.093536173051847;2.5662075776586812;2.566343645413794
generate_seasonal_drift;3;50000;PageHinkley;32;32;34.90603358783264;4.821462655859104;4.81108067361304
generate_seasonal_drift;3;50000;PageHinkley;32;64;41.24102701845329;5.281865511090387;5.268553311701266
generate_seasonal_drift;3;50000;PageHinkley;64;16;11.043459641856323;2.4993442624236173;2.498937918454482
generate_seasonal_drift;3;50000;PageHinkley;64;32;55.05297154839353;6.0105177270209245;5.9943245130919935
generate_seasonal_drift;3;50000;PageHinkley;64;64;66.98956520805395;6.604571161167804;6.5854710682536375
generate_seasonal_drift;3;50000;PageHinkley;16;16;8.122960791721297;2.2372394670908817;2.2378501379475617
generate_seasonal_drift;3;50000;PageHinkley;16;32;13.840416724946058;2.925277470462597;2.9224820129029876
generate_seasonal_drift;3;50000;PageHinkley;16;64;29.716168482312575;4.404857717960642;4.394974685902424
generate_seasonal_drift;3;50000;PageHinkley;32;16;6.23360359434663;1.9530323385598298;1.9546533173449359
generate_seasonal_drift;3;50000;PageHinkley;32;32;16.751943406809694;3.220749132383821;3.2171790821831268
generate_seasonal_drift;3;50000;PageHinkley;32;64;61.661237326784125;6.345894446780676;6.328646474810281
generate_seasonal_drift;3;50000;PageHinkley;64;16;5.470826909029555;1.836360740196748;1.838081618443532
generate_seasonal_drift;3;50000;PageHinkley;64;32;8.01649112592332;2.173293958063889;2.17346642930547
generate_seasonal_drift;3;50000;PageHinkley;64;64;73.26765208779995;7.0157044124359516;6.995237812959672
generate_seasonal_drift;5;20000;ADWIN;16;16;34.03473039252611;4.79904437084104;4.776575867249202
generate_seasonal_drift;5;20000;ADWIN;16;32;35.34227368839904;4.8801913308109155;4.854217516787774
generate_seasonal_drift;5;20000;ADWIN;16;64;58.73548472488077;6.294302116282094;6.250926720257326
generate_seasonal_drift;5;20000;ADWIN;32;16;13.814337248927004;2.9043841143935576;2.901412727641097
generate_seasonal_drift;5;20000;ADWIN;32;32;37.62010032744878;5.073201761463746;5.0465471565996545
generate_seasonal_drift;5;20000;ADWIN;32;64;44.19077873852877;5.474799620560374;5.440054085286251
generate_seasonal_drift;5;20000;ADWIN;64;16;14.736729582677107;2.924053922315955;2.9196426847779207
generate_seasonal_drift;5;20000;ADWIN;64;32;37.9918682101806;5.111644136684912;5.081638402616482
generate_seasonal_drift;5;20000;ADWIN;64;64;109.7153157363698;9.247898497976552;9.174898009632159
generate_seasonal_drift;5;20000;ADWIN;16;16;9.24783645500373;2.3903030957797875;2.393432852566791
generate_seasonal_drift;5;20000;ADWIN;16;32;21.77134514951391;3.7595848949789428;3.7461574776329285
generate_seasonal_drift;5;20000;ADWIN;16;64;34.74779623597629;4.8183865140296005;4.791229997340253
generate_seasonal_drift;5;20000;ADWIN;32;16;7.003160293451704;2.049049023833361;2.0547929949952493
generate_seasonal_drift;5;20000;ADWIN;32;32;12.217303091282538;2.724220126759506;2.720290833056564
generate_seasonal_drift;5;20000;ADWIN;32;64;87.23505710151632;7.890625117049002;7.83327770747919
generate_seasonal_drift;5;20000;ADWIN;64;16;5.6729920818173305;1.8577884902710755;1.8646767856949344
generate_seasonal_drift;5;20000;ADWIN;64;32;11.958207674335164;2.5893261443481754;2.5864915380898688
generate_seasonal_drift;5;20000;ADWIN;64;64;90.3860040017139;8.085959686096324;8.025529498693325
generate_seasonal_drift;5;20000;PageHinkley;16;16;17.05328094623416;3.2802582997097223;3.273001370732311
generate_seasonal_drift;5;20000;PageHinkley;16;32;33.13787914093605;4.653914472694978;4.628635962005314
generate_seasonal_drift;5;20000;PageHinkley;16;64;33.14104884714142;4.770425677391384;4.741874360348925
generate_seasonal_drift;5;20000;PageHinkley;32;16;12.409689420746405;2.736928781505522;2.735121469014139
generate_seasonal_drift;5;20000;PageHinkley;32;32;80.12457708240217;7.511913388685606;7.459775321496029
generate_seasonal_drift;5;20000;PageHinkley;32;64;43.492339682178006;5.476838285298948;5.441498566999471
generate_seasonal_drift;5;20000;PageHinkley;64;16;13.105463893888263;2.7774034588472056;2.774660750699602
generate_seasonal_drift;5;20000;PageHinkley;64;32;43.8230579714089;5.3885689708166655;5.355510631680824
generate_seasonal_drift;5;20000;PageHinkley;64;64;109.32997210405806;9.237392848800452;9.16461591630349
generate_seasonal_drift;5;20000;PageHinkley;16;16;9.316609051575163;2.395958234413061;2.3977174296918466
generate_seasonal_drift;5;20000;PageHinkley;16;32;18.869201293308922;3.4958072372675244;3.4836955745999005
generate_seasonal_drift;5;20000;PageHinkley;16;64;34.000491311748675;4.793560481063941;4.766722052927025
generate_seasonal_drift;5;20000;PageHinkley;32;16;8.490685524733122;2.2559839065962914;2.2599019047069864
generate_seasonal_drift;5;20000;PageHinkley;32;32;15.156332754430201;3.008828768745872;3.0009448055471952
generate_seasonal_drift;5;20000;PageHinkley;32;64;54.485309950752146;6.173123454077061;6.132521556966449
generate_seasonal_drift;5;20000;PageHinkley;64;16;6.329558285782906;1.947009792441642;1.9539521625123464
generate_seasonal_drift;5;20000;PageHinkley;64;32;17.933760581715973;3.0897511925972805;3.0818279511085973
generate_seasonal_drift;5;20000;PageHinkley;64;64;61.895032668032535;6.391701702861829;6.348660646049817
generate_seasonal_drift;5;50000;ADWIN;16;16;22.10438156296963;3.722820770612105;3.7183021933943983
generate_seasonal_drift;5;50000;ADWIN;16;32;35.58218529152754;4.760296635246365;4.750315562893771
generate_seasonal_drift;5;50000;ADWIN;16;64;33.416742902167115;4.669329724830114;4.658767868665127
generate_seasonal_drift;5;50000;ADWIN;32;16;12.80274866428912;2.765405389461823;2.7650051886610045
generate_seasonal_drift;5;50000;ADWIN;32;32;44.16911262658515;5.4434303075923065;5.430567029058119
generate_seasonal_drift;5;50000;ADWIN;32;64;53.445703116075286;6.019157862543627;6.0033953549549715
generate_seasonal_drift;5;50000;ADWIN;64;16;17.234180233961563;3.0036438139967085;3.0012099675008193
generate_seasonal_drift;5;50000;ADWIN;64;32;52.63721962492926;5.671730393498413;5.658953972885643
generate_seasonal_drift;5;50000;ADWIN;64;64;64.00632738371063;6.51797218824115;6.499982103071593
generate_seasonal_drift;5;50000;ADWIN;16;16;7.248126687791521;2.1133172303689607;2.115412420210716
generate_seasonal_drift;5;50000;ADWIN;16;32;13.04672094587375;2.8348184897275983;2.832776805893047
generate_seasonal_drift;5;50000;ADWIN;16;64;28.89847262967421;4.35665594946342;4.3475012082720434
generate_seasonal_drift;5;50000;ADWIN;32;16;7.160594049366111;2.0693349141142736;2.07178502432105
generate_seasonal_drift;5;50000;ADWIN;32;32;15.604590905305109;2.965801114910284;2.9635917122779682
generate_seasonal_drift;5;50000;ADWIN;32;64;39.11786423440563;5.113830606206354;5.1018112620635225
generate_seasonal_drift;5;50000;ADWIN;64;16;5.354244064056627;1.8089512766523868;1.8130077242076001
generate_seasonal_drift;5;50000;ADWIN;64;32;10.26403711204929;2.383290744244622;2.38331078832867
generate_seasonal_drift;5;50000;ADWIN;64;64;84.02531954184448;7.630155623079576;7.607809311758341
generate_seasonal_drift;5;50000;PageHinkley;16;16;13.168166904263689;2.8522763132677866;2.850893664538679
generate_seasonal_drift;5;50000;PageHinkley;16;32;29.935775446993205;4.424331409590328;4.415550275802941
generate_seasonal_drift;5;50000;PageHinkley;16;64;44.5959384521996;5.471454970036224;5.457280833235073
generate_seasonal_drift;5;50000;PageHinkley;32;16;9.387438433585459;2.389478558427856;2.3903523325199023
generate_seasonal_drift;5;50000;PageHinkley;32;32;39.50611420396463;5.149137286460994;5.137767646697613
generate_seasonal_drift;5;50000;PageHinkley;32;64;46.51738837611746;5.622334660740626;5.607692158244206
generate_seasonal_drift;5;50000;PageHinkley;64;16;17.798679427444075;3.1359682973400638;3.13318929816538
generate_seasonal_drift;5;50000;PageHinkley;64;32;44.69767473107404;5.35445042025732;5.341699382282486
generate_seasonal_drift;5;50000;PageHinkley;64;64;60.79863741151849;6.3113707155717265;6.293815056896938
generate_seasonal_drift;5;50000;PageHinkley;16;16;8.58227333280919;2.283987268442141;2.285619278219272
generate_seasonal_drift;5;50000;PageHinkley;16;32;16.52392210747676;3.2431707677378934;3.239307272202358
generate_seasonal_drift;5;50000;PageHinkley;16;64;32.67043832925321;4.597020538084967;4.586851848781564
generate_seasonal_drift;5;50000;PageHinkley;32;16;6.550216894413488;2.0027481603249737;2.005444484189978
generate_seasonal_drift;5;50000;PageHinkley;32;32;27.11078635564869;4.246385886591241;4.238910689028508
generate_seasonal_drift;5;50000;PageHinkley;32;64;33.193949858772974;4.766436126583818;4.755643841474437
generate_seasonal_drift;5;50000;PageHinkley;64;16;5.311218017770387;1.8086831576873994;1.8127330371603316
generate_seasonal_drift;5;50000;PageHinkley;64;32;24.521280464158686;3.955868096366016;3.949896780068269
generate_seasonal_drift;5;50000;PageHinkley;64;64;58.45179007970303;6.060508953341458;6.044420323524719
generate_ar1_drift;1;20000;ADWIN;16;16;1.3346650755115417;0.9129715794971834;0.9123756911024359
generate_ar1_drift;1;20000;ADWIN;16;32;4.104880754066542;1.5942250285106518;1.5863498004824088
generate_ar1_drift;1;20000;ADWIN;16;64;4.343003118689436;1.6294488000686311;1.6214969916024935
generate_ar1_drift;1;20000;ADWIN;32;16;1.2226332569840899;0.8739734310068379;0.873483717525932
generate_ar1_drift;1;20000;ADWIN;32;32;3.881656267683578;1.5498915320014797;1.5421021193299869
generate_ar1_drift;1;20000;ADWIN;32;64;5.035338079721762;1.795592240732045;1.7858750426559173
generate_ar1_drift;1;20000;ADWIN;64;16;1.2288417527940538;0.8781589720102422;0.8773329368413891
generate_ar1_drift;1;20000;ADWIN;64;32;2.898125597280456;1.3469070860084646;1.3417237128658417
generate_ar1_drift;1;20000;ADWIN;64;64;3.9622155262384777;1.5530406046570422;1.5463007918543505
generate_ar1_drift;1;20000;ADWIN;16;16;1.1942469580758557;0.8681713833448674;0.8676895111321509
generate_ar1_drift;1;20000;ADWIN;16;32;1.3617685447324652;0.9192098585028735;0.918116966603224
generate_ar1_drift;1;20000;ADWIN;16;64;3.929461892006961;1.551001079205239;1.5437409177669195
generate_ar1_drift;1;20000;ADWIN;32;16;1.1779118023688537;0.8611890756018616;0.8600264632534209
generate_ar1_drift;1;20000;ADWIN;32;32;1.3513430270645652;0.9172595315258348;0.9159504970119041
generate_ar1_drift;1;20000;ADWIN;32;64;2.9780446156881917;1.350363329653675;1.344736052489726
generate_ar1_drift;1;20000;ADWIN;64;16;1.2110024233052874;0.8738042575393494;0.8731064113368707
generate_ar1_drift;1;20000;ADWIN;64;32;1.282139032557692;0.896747040709955;0.8959567734240216
generate_ar1_drift;1;20000;ADWIN;64;64;4.548821593522149;1.6989205131431722;1.690590357549756
generate_ar1_drift;1;20000;PageHinkley;16;16;1.2566483512478421;0.8895250935223267;0.8886117125492994
generate_ar1_drift;1;20000;PageHinkley;16;32;4.968114504680496;1.776076386688897;1.7669005107773081
generate_ar1_drift;1;20000;PageHinkley;16;64;4.914984543270132;1.7671796468865584;1.7582179511430254
generate_ar1_drift;1;20000;PageHinkley;32;16;1.4040288804170995;0.937069357153852;0.9353419292409131
generate_ar1_drift;1;20000;PageHinkley;32;32;3.942883718980382;1.5577947080872008;1.549817794504657
generate_ar1_drift;1;20000;PageHinkley;32;64;4.917399109260615;1.7692423829899706;1.7599554760864544
generate_ar1_drift;1;20000;PageHinkley;64;16;1.178400427520951;0.8615318760167784;0.8606270793920221
generate_ar1_drift;1;20000;PageHinkley;64;32;3.036617434706937;1.3610801188817958;1.3556738985305499
generate_ar1_drift;1;20000;PageHinkley;64;64;4.923482648623291;1.7714002819532422;1.762764053717418
generate_ar1_drift;1;20000;PageHinkley;16;16;1.2028128083878664;0.870637663784358;0.8708383962430927
generate_ar1_drift;1;20000;PageHinkley;16;32;1.372149666698353;0.9255164340735781;0.9245228719818063
generate_ar1_drift;1;20000;PageHinkley;16;64;3.0792506424759414;1.385190031517345;1.379781317474448
generate_ar1_drift;1;20000;PageHinkley;32;16;1.1851073300901833;0.8634073695087717;0.8625128426386092
generate_ar1_drift;1;20000;PageHinkley;32;32;1.2999133206279796;0.9023544486622257;0.9010006024078533
generate_ar1_drift;1;20000;PageHinkley;32;64;3.3016000099288054;1.418379714053758;1.4121411406286848
generate_ar1_drift;1;20000;PageHinkley;64;16;1.2080270971556968;0.8723101776363907;0.8712674039088072
generate_ar1_drift;1;20000;PageHinkley;64;32;1.2466379365867581;0.8847175595677709;0.8839431725570691
generate_ar1_drift;1;20000;PageHinkley;64;64;3.810628579955946;1.5453984586601917;1.5385441258337602
generate_ar1_drift;1;50000;ADWIN;16;16;1.2294771392376613;0.8788818357903516;0.8787030466732276
generate_ar1_drift;1;50000;ADWIN;16;32;5.048343748043836;1.7869235254864475;1.7830591696477938
generate_ar1_drift;1;50000;ADWIN;16;64;4.89843411860416;1.7385216769523544;1.7349292162212204
generate_ar1_drift;1;50000;ADWIN;32;16;1.1596499570673326;0.8548477948161035;0.8544903913857692
generate_ar1_drift;1;50000;ADWIN;32;32;3.7431924249685355;1.5039078422464585;1.5010190900690321
generate_ar1_drift;1;50000;ADWIN;32;64;3.9608145840187228;1.5539870566283474;1.551110176335887
generate_ar1_drift;1;50000;ADWIN;64;16;1.414090110022571;0.9360162689453102;0.9354580933249695
generate_ar1_drift;1;50000;ADWIN;64;32;4.848245047706287;1.7412700512593866;1.7375830231897058
generate_ar1_drift;1;50000;ADWIN;64;64;3.5552828193145176;1.4761458324940273;1.473762975144103
generate_ar1_drift;1;50000;ADWIN;16;16;1.1203191024373116;0.8411985724236645;0.8411626424779135
generate_ar1_drift;1;50000;ADWIN;16;32;1.2056718082048457;0.869903508206442;0.8696801478604258
generate_ar1_drift;1;50000;ADWIN;16;64;3.941405585664163;1.5622017624544142;1.5593354182190258
generate_ar1_drift;1;50000;ADWIN;32;16;1.1193070276291375;0.8425903425653525;0.842226707921237
generate_ar1_drift;1;50000;ADWIN;32;32;1.1661965754835857;0.8569243625361803;0.8565862690900183
generate_ar1_drift;1;50000;ADWIN;32;64;4.215020346157617;1.6133732003991685;1.610073088577117
generate_ar1_drift;1;50000;ADWIN;64;16;1.1158065270602755;0.8402640969665383;0.8400109997756419
generate_ar1_drift;1;50000;ADWIN;64;32;1.1625134235239094;0.8542287035727796;0.8540769273929808
generate_ar1_drift;1;50000;ADWIN;64;64;3.292341403272661;1.4138934156768919;1.411660532606497
generate_ar1_drift;1;50000;PageHinkley;16;16;1.1769931459129097;0.8611916719753132;0.8609262619825224
generate_ar1_drift;1;50000;PageHinkley;16;32;4.389285628130271;1.6515295270964896;1.6480097427608742
generate_ar1_drift;1;50000;PageHinkley;16;64;4.497261926434662;1.6731091334026058;1.6697103108906566
generate_ar1_drift;1;50000;PageHinkley;32;16;1.3296586805748065;0.9141715891727112;0.9136098285884733
generate_ar1_drift;1;50000;PageHinkley;32;32;3.5611544696986814;1.4665921655768803;1.463756367803863
generate_ar1_drift;1;50000;PageHinkley;32;64;4.0466344822867875;1.5743889970349443;1.571425677281416
generate_ar1_drift;1;50000;PageHinkley;64;16;1.1957677193559286;0.8674129200767283;0.8671166268582788
generate_ar1_drift;1;50000;PageHinkley;64;32;5.03216833641549;1.7803472086419203;1.7764707925357828
generate_ar1_drift;1;50000;PageHinkley;64;64;4.671811411963542;1.7029947607660532;1.6997071020889378
generate_ar1_drift;1;50000;PageHinkley;16;16;1.1032931499801528;0.8355298649612375;0.8353828394365604
generate_ar1_drift;1;50000;PageHinkley;16;32;1.2613765476377623;0.8851610618762251;0.8848825030022727
generate_ar1_drift;1;50000;PageHinkley;16;64;3.556586851832486;1.4810283355279055;1.478400009134124
generate_ar1_drift;1;50000;PageHinkley;32;16;1.107752171736979;0.8375259897024904;0.8372063888144248
generate_ar1_drift;1;50000;PageHinkley;32;32;1.2980876853712164;0.8998119089027385;0.8993694970424387
generate_ar1_drift;1;50000;PageHinkley;32;64;3.6695644307288915;1.4977525932849711;1.4950296090189796
generate_ar1_drift;1;50000;PageHinkley;64;16;1.1179293272571196;0.8416339538531642;0.8413944812188282
generate_ar1_drift;1;50000;PageHinkley;64;32;1.2883971001863992;0.8957986927906199;0.8954200065364154
generate_ar1_drift;1;50000;PageHinkley;64;64;2.9350691158170044;1.3464171435921923;1.3444616218773098
generate_ar1_drift;3;20000;ADWIN;16;16;1.2983466259459728;0.9040039318113096;0.9034232476881271
generate_ar1_drift;3;20000;ADWIN;16;32;4.820861847544517;1.7375306568469306;1.7286565129095621
generate_ar1_drift;3;20000;ADWIN;16;64;5.025990491170254;1.7822052159731454;1.7733839531352682
generate_ar1_drift;3;20000;ADWIN;32;16;1.2357534258880476;0.8832597528519808;0.8828631795631037
generate_ar1_drift;3;20000;ADWIN;32;32;4.6489941143825355;1.709495040698366;1.700803281359885
generate_ar1_drift;3;20000;ADWIN;32;64;5.16983606287143;1.808181650573666;1.7989146942339944
generate_ar1_drift;3;20000;ADWIN;64;16;1.2204105162921108;0.879392875329301;0.8790522373214522
generate_ar1_drift;3;20000;ADWIN;64;32;4.478547255148821;1.6748317830249846;1.6669014443211365
generate_ar1_drift;3;20000;ADWIN;64;64;5.184404369259479;1.8117333315133552;1.8029737283806817
generate_ar1_drift;3;20000;ADWIN;16;16;1.185628852379038;0.8656893106939547;0.8652739681678565
generate_ar1_drift;3;20000;ADWIN;16;32;1.249809997830538;0.8889938576845982;0.8884331458035687
generate_ar1_drift;3;20000;ADWIN;16;64;2.424747997350497;1.223481847185972;1.2195467044958388
generate_ar1_drift;3;20000;ADWIN;32;16;1.1849411738924294;0.8664363136821144;0.8660413892650514
generate_ar1_drift;3;20000;ADWIN;32;32;1.231053471780167;0.8821915878661645;0.8816265967583697
generate_ar1_drift;3;20000;ADWIN;32;64;5.100783464772226;1.7904239128605175;1.7812899669232325
generate_ar1_drift;3;20000;ADWIN;64;16;1.225346529467475;0.8776428128988141;0.877885235407738
generate_ar1_drift;3;20000;ADWIN;64;32;1.2241885903966492;0.8798568845807853;0.8797626844484898
generate_ar1_drift;3;20000;ADWIN;64;64;5.173549965883165;1.805969746019613;1.797222793797019
generate_ar1_drift;3;20000;PageHinkley;16;16;1.2506719372263655;0.889266575803043;0.8884163181130827
generate_ar1_drift;3;20000;PageHinkley;16;32;2.252673241477984;1.1856769942951295;1.1818311671575223
generate_ar1_drift;3;20000;PageHinkley;16;64;5.145384469668546;1.8045853963926235;1.7952552808516153
generate_ar1_drift;3;20000;PageHinkley;32;16;1.2314286393584086;0.8828827859678844;0.8824673206450265
generate_ar1_drift;3;20000;PageHinkley;32;32;5.141157502059887;1.798940098977555;1.7894348270130696
generate_ar1_drift;3;20000;PageHinkley;32;64;5.187751407485428;1.8130682058437526;1.8039036265702004
generate_ar1_drift;3;20000;PageHinkley;64;16;1.2612179589164458;0.8945937534949833;0.8941231641948693
generate_ar1_drift;3;20000;PageHinkley;64;32;4.71254440505965;1.7228204377974026;1.714159057234387
generate_ar1_drift;3;20000;PageHinkley;64;64;5.17420399508077;1.8100702758745781;1.8011997838423888
generate_ar1_drift;3;20000;PageHinkley;16;16;1.1870491075896035;0.8662484211426832;0.8658088168185808
generate_ar1_drift;3;20000;PageHinkley;16;32;1.278839362974564;0.8978917207068977;0.8976145884032556
generate_ar1_drift;3;20000;PageHinkley;16;64;4.979589613946567;1.7735352973751433;1.764435856003766
generate_ar1_drift;3;20000;PageHinkley;32;16;1.2180865425765286;0.877373904481246;0.8772515831462956
generate_ar1_drift;3;20000;PageHinkley;32;32;1.2313974153871932;0.8827300371957483;0.8821941869516591
generate_ar1_drift;3;20000;PageHinkley;32;64;4.980684554778959;1.7735610678622402;1.7646348658913316
generate_ar1_drift;3;20000;PageHinkley;64;16;1.1924231136674943;0.8679882232511239;0.8677552289608454
generate_ar1_drift;3;20000;PageHinkley;64;32;1.2379806128876494;0.8827483018186113;0.8827015410099301
generate_ar1_drift;3;20000;PageHinkley;64;64;4.829416982134746;1.7448210395997543;1.7364818014157413
generate_ar1_drift;3;50000;ADWIN;16;16;1.186450246133792;0.8658439179814127;0.8658038839980231
generate_ar1_drift;3;50000;ADWIN;16;32;4.797313831325153;1.7381803308580954;1.7345480982664148
generate_ar1_drift;3;50000;ADWIN;16;64;4.841859893500537;1.7432727492457534;1.7399280143115567
generate_ar1_drift;3;50000;ADWIN;32;16;1.1568802283669004;0.8553598730339343;0.8551433789224345
generate_ar1_drift;3;50000;ADWIN;32;32;4.656141870495961;1.7119985306421985;1.7084350725721622
generate_ar1_drift;3;50000;ADWIN;32;64;5.1600990225258885;1.8098292657582093;1.8062126798655305
generate_ar1_drift;3;50000;ADWIN;64;16;1.1567387603201096;0.8550082123639225;0.8551415902218453
generate_ar1_drift;3;50000;ADWIN;64;32;4.590617532900607;1.6999997129189672;1.6965757704295386
generate_ar1_drift;3;50000;ADWIN;64;64;4.9956236648592744;1.778086916967008;1.774677533015086
generate_ar1_drift;3;50000;ADWIN;16;16;1.1301540991082433;0.845773998107299;0.8456081863982834
generate_ar1_drift;3;50000;ADWIN;16;32;1.1528039284810292;0.85396847787476;0.8538807640699382
generate_ar1_drift;3;50000;ADWIN;16;64;2.114801864255604;1.1428872630966138;1.1416792280352066
generate_ar1_drift;3;50000;ADWIN;32;16;1.1223141887619068;0.8431860407660732;0.8431353151124639
generate_ar1_drift;3;50000;ADWIN;32;32;1.1579469298712781;0.8560816147318923;0.8560487908013943
generate_ar1_drift;3;50000;ADWIN;32;64;4.402707501421253;1.660400668871378;1.6572201649119807
generate_ar1_drift;3;50000;ADWIN;64;16;1.1335961496770866;0.8465676953107967;0.8467558391363659
generate_ar1_drift;3;50000;ADWIN;64;32;1.1279881256189999;0.844397720310763;0.8444894994014113
generate_ar1_drift;3;50000;ADWIN;64;64;4.333495897071762;1.6474227597081819;1.6445426037123272
generate_ar1_drift;3;50000;PageHinkley;16;16;1.1730825285203792;0.8608719646525738;0.860778271989682
generate_ar1_drift;3;50000;PageHinkley;16;32;4.731560262257807;1.7284921400292403;1.724926367954565
generate_ar1_drift;3;50000;PageHinkley;16;64;4.925339020934065;1.766103324098304;1.762647781318324
generate_ar1_drift;3;50000;PageHinkley;32;16;1.171213814430783;0.8599484306348729;0.8598485172199046
generate_ar1_drift;3;50000;PageHinkley;32;32;2.1381223298872487;1.1532557064330475;1.1519490682128268
generate_ar1_drift;3;50000;PageHinkley;32;64;5.166457687189892;1.81163415705884;1.8078953375460358
generate_ar1_drift;3;50000;PageHinkley;64;16;1.1476414987209211;0.8520833316908298;0.8520731687252332
generate_ar1_drift;3;50000;PageHinkley;64;32;4.788611748570793;1.7427159503177503;1.739260819389669
generate_ar1_drift;3;50000;PageHinkley;64;64;4.998470351406039;1.7778011036880872;1.7744595698672248
generate_ar1_drift;3;50000;PageHinkley;16;16;1.1304524357583154;0.8455883914946745;0.8454486420648818
generate_ar1_drift;3;50000;PageHinkley;16;32;1.1591490196950998;0.8561306161605076;0.8559510968701752
generate_ar1_drift;3;50000;PageHinkley;16;64;4.3367852101535425;1.6445049490507266;1.6413861717487326
generate_ar1_drift;3;50000;PageHinkley;32;16;1.122425265345164;0.8429343657792914;0.84278992262603
generate_ar1_drift;3;50000;PageHinkley;32;32;1.1575128544508961;0.8557931315762756;0.8556139304511681
generate_ar1_drift;3;50000;PageHinkley;32;64;5.032562625806356;1.785000290552116;1.7813366470958953
generate_ar1_drift;3;50000;PageHinkley;64;16;1.1349523175552678;0.8472318321502472;0.8472850064336206
generate_ar1_drift;3;50000;PageHinkley;64;32;1.13687846565289;0.8479999903738014;0.848057320533044
generate_ar1_drift;3;50000;PageHinkley;64;64;3.75763852348668;1.520104008112504;1.5176470699935012
generate_ar1_drift;5;20000;ADWIN;16;16;1.3510629869895905;0.9197686443707392;0.9196087044434066
generate_ar1_drift;5;20000;ADWIN;16;32;5.01995716948104;1.7858242931203587;1.7768963061838303
generate_ar1_drift;5;20000;ADWIN;16;64;5.042288374174029;1.7936606330215734;1.7847342908008097
generate_ar1_drift;5;20000;ADWIN;32;16;1.2881170125366481;0.9019683558849818;0.9017651611153642
generate_ar1_drift;5;20000;ADWIN;32;32;4.901105172403802;1.7668197005142952;1.7580515398123027
generate_ar1_drift;5;20000;ADWIN;32;64;5.092294347963896;1.800574933677856;1.7920151467611178
generate_ar1_drift;5;20000;ADWIN;64;16;1.2382335558037174;0.8834787419265622;0.8835124075461335
generate_ar1_drift;5;20000;ADWIN;64;32;4.919079068820942;1.76778484403622;1.7590989922928246
generate_ar1_drift;5;20000;ADWIN;64;64;5.113933478536258;1.8048340983735263;1.7957718201657311
generate_ar1_drift;5;20000;ADWIN;16;16;1.2112067876377324;0.8746547529243718;0.8746896791857204
generate_ar1_drift;5;20000;ADWIN;16;32;1.2914231916426497;0.9025757888195971;0.902187980955662
generate_ar1_drift;5;20000;ADWIN;16;64;5.032205841820009;1.7876381495149865;1.778695696246049
generate_ar1_drift;5;20000;ADWIN;32;16;1.2151158119927576;0.8759516086347385;0.8761185226668693
generate_ar1_drift;5;20000;ADWIN;32;32;1.2617942140561167;0.893150916891875;0.892881216034323
generate_ar1_drift;5;20000;ADWIN;32;64;2.0872041406319815;1.1422229068561718;1.139842516388177
generate_ar1_drift;5;20000;ADWIN;64;16;1.213147129727885;0.8745290699166755;0.874745862868302
generate_ar1_drift;5;20000;ADWIN;64;32;1.2493126367214682;0.8871364028123173;0.8871740923389452
generate_ar1_drift;5;20000;ADWIN;64;64;4.843871725132475;1.751399563898288;1.7430028631841468
generate_ar1_drift;5;20000;PageHinkley;16;16;1.2934654984596443;0.9020026660501008;0.9019474844229046
generate_ar1_drift;5;20000;PageHinkley;16;32;4.353059061749237;1.654030730119853;1.6460623601019035
generate_ar1_drift;5;20000;PageHinkley;16;64;5.09772223370706;1.8016645331936472;1.792515660295363
generate_ar1_drift;5;20000;PageHinkley;32;16;1.2643061466085037;0.8939501223831764;0.8935781798492639
generate_ar1_drift;5;20000;PageHinkley;32;32;5.093928302934121;1.8000081815215607;1.7908170359777824
generate_ar1_drift;5;20000;PageHinkley;32;64;5.11771370761189;1.8059003541974474;1.7971020251227459
generate_ar1_drift;5;20000;PageHinkley;64;16;1.2799289095585766;0.898535321608798;0.8986340253968927
generate_ar1_drift;5;20000;PageHinkley;64;32;4.439956809937458;1.6734717324162445;1.6658394505721286
generate_ar1_drift;5;20000;PageHinkley;64;64;5.114656474550792;1.8054158280412436;1.7966366294998657
generate_ar1_drift;5;20000;PageHinkley;16;16;1.2238696734437733;0.8791164669720609;0.8790824239397999
generate_ar1_drift;5;20000;PageHinkley;16;32;1.2510737923031812;0.888008537418182;0.887895211943159
generate_ar1_drift;5;20000;PageHinkley;16;64;4.588169468712085;1.7061979401426421;1.6980699910692798
generate_ar1_drift;5;20000;PageHinkley;32;16;1.2321732876982703;0.8810755606444672;0.8812087782213124
generate_ar1_drift;5;20000;PageHinkley;32;32;1.2473534272657605;0.8871798565049407;0.8873950884030469
generate_ar1_drift;5;20000;PageHinkley;32;64;5.0444476508344405;1.7865502803604183;1.777976679431352
generate_ar1_drift;5;20000;PageHinkley;64;16;1.2490577057703214;0.8864824725830724;0.8867367664879011
generate_ar1_drift;5;20000;PageHinkley;64;32;1.2350725649108956;0.8822327562719515;0.8824351559165883
generate_ar1_drift;5;20000;PageHinkley;64;64;5.071583255393323;1.7952652641466313;1.7863948409479966
generate_ar1_drift;5;50000;ADWIN;16;16;1.1947097548370054;0.8679960404454531;0.8680903014784176
generate_ar1_drift;5;50000;ADWIN;16;32;4.956763182035153;1.7745529827295063;1.771018027446606
generate_ar1_drift;5;50000;ADWIN;16;64;5.121253160808997;1.8071838659761037;1.8035765428682753
generate_ar1_drift;5;50000;ADWIN;32;16;1.1838855970957103;0.8652117347365004;0.8653719116849548
generate_ar1_drift;5;50000;ADWIN;32;32;2.1012913595651295;1.14118118390964;1.140102584747758
generate_ar1_drift;5;50000;ADWIN;32;64;5.068684923999504;1.7953851924408515;1.7919081497148366
generate_ar1_drift;5;50000;ADWIN;64;16;1.1887677197117963;0.8672733760603658;0.8673687520831136
generate_ar1_drift;5;50000;ADWIN;64;32;4.875222659711071;1.7590260617378803;1.7554416780711266
generate_ar1_drift;5;50000;ADWIN;64;64;5.194393132441108;1.8209933570974144;1.817513224783687
generate_ar1_drift;5;50000;ADWIN;16;16;1.142751413078914;0.8505949857322324;0.8507819107998843
generate_ar1_drift;5;50000;ADWIN;16;32;1.158308509724844;0.8563562022103619;0.856414960626341
generate_ar1_drift;5;50000;ADWIN;16;64;1.6043384363264022;0.998011811684596;0.9974560220378527
generate_ar1_drift;5;50000;ADWIN;32;16;1.1300899628149275;0.8467123848217599;0.8468104372436364
generate_ar1_drift;5;50000;ADWIN;32;32;1.1512781735961708;0.8540523877936737;0.8541565132102226
generate_ar1_drift;5;50000;ADWIN;32;64;4.969389495419474;1.7746813571676272;1.7711659863510976
generate_ar1_drift;5;50000;ADWIN;64;16;1.1308312753968495;0.8471884430605264;0.8472343974337053
generate_ar1_drift;5;50000;ADWIN;64;32;1.1545938777388782;0.8553966441343911;0.8556149717560888
generate_ar1_drift;5;50000;ADWIN;64;64;5.007148151324963;1.7844210029688585;1.7809892482581127
generate_ar1_drift;5;50000;PageHinkley;16;16;1.198703241621237;0.8709051244859537;0.8708907812759257
generate_ar1_drift;5;50000;PageHinkley;16;32;4.77190640670183;1.740261589778024;1.7368193825184535
generate_ar1_drift;5;50000;PageHinkley;16;64;5.12083632374679;1.8063497778601803;1.8027796620075567
generate_ar1_drift;5;50000;PageHinkley;32;16;1.1720157126990058;0.8612846427852779;0.861472747774435
generate_ar1_drift;5;50000;PageHinkley;32;32;4.9571469000709465;1.7741971655405533;1.7707708336426624
generate_ar1_drift;5;50000;PageHinkley;32;64;5.0143085816524735;1.7862410667330315;1.7829095620961382
generate_ar1_drift;5;50000;PageHinkley;64;16;1.1526445794262878;0.8543884861344516;0.8545213659618913
generate_ar1_drift;5;50000;PageHinkley;64;32;4.919913553750069;1.7696477990462443;1.7660860626811197
generate_ar1_drift;5;50000;PageHinkley;64;64;4.973730878289449;1.780268286673969;1.7769004692905694
generate_ar1_drift;5;50000;PageHinkley;16;16;1.1248021430408177;0.8439176734941329;0.8441306294579114
generate_ar1_drift;5;50000;PageHinkley;16;32;1.1582225613524018;0.8565508259109575;0.856487718383363
generate_ar1_drift;5;50000;PageHinkley;16;64;4.853523817086051;1.7539171768118367;1.7504144051593995
generate_ar1_drift;5;50000;PageHinkley;32;16;1.1236368691508782;0.8440843487238172;0.8442386438677357
generate_ar1_drift;5;50000;PageHinkley;32;32;1.1601153814768277;0.8569955098882654;0.8571696886260467
generate_ar1_drift;5;50000;PageHinkley;32;64;4.9970567117385825;1.780840793601279;1.7772865031180551
generate_ar1_drift;5;50000;PageHinkley;64;16;1.1331288600206577;0.8476250954705609;0.8477755942092764
generate_ar1_drift;5;50000;PageHinkley;64;32;1.144493232930976;0.8514759143261722;0.8516357381905267
generate_ar1_drift;5;50000;PageHinkley;64;64;4.995397983207294;1.778265691677818;1.7748713371821658
generate_trend_drift;1;20000;None;Baseline;16;16;1.0686897703833342;0.8233262834869493;0.822798301751395
generate_trend_drift;1;20000;None;Baseline;16;32;1.080273468121362;0.8276444071315894;0.8269083133948635
generate_trend_drift;1;20000;None;Baseline;16;64;1.1022227767326656;0.8366894000764142;0.8360806264841125
generate_trend_drift;1;20000;None;Baseline;32;16;1.0714902952753464;0.8226373580851766;0.8232600450756786
generate_trend_drift;1;20000;None;Baseline;32;32;1.0772249353957293;0.8276184520565135;0.8268664814330315
generate_trend_drift;1;20000;None;Baseline;32;64;1.104443445919154;0.8376109486942233;0.8371727881066573
generate_trend_drift;1;20000;None;Baseline;64;16;1.075544158921579;0.8233526684492924;0.824695862967216
generate_trend_drift;1;20000;None;Baseline;64;32;1.0791051795847575;0.8262983015220554;0.8263511436858347
generate_trend_drift;1;20000;None;Baseline;64;64;1.1027630406255107;0.8359670027559721;0.8358955663086227
generate_trend_drift;1;50000;None;Baseline;16;16;1.0478004595260422;0.8160721193658212;0.8158697841081425
generate_trend_drift;1;50000;None;Baseline;16;32;1.0655662043016723;0.8236051818004415;0.8232335094980349
generate_trend_drift;1;50000;None;Baseline;16;64;1.0868971041070046;0.8319100760379158;0.8316826933765934
generate_trend_drift;1;50000;None;Baseline;32;16;1.0511948768853956;0.816772923915731;0.8170178239026533
generate_trend_drift;1;50000;None;Baseline;32;32;1.0651192121540236;0.8232181208093793;0.823029401430009
generate_trend_drift;1;50000;None;Baseline;32;64;1.0881417854700015;0.8318778236131392;0.8317098337423332
generate_trend_drift;1;50000;None;Baseline;64;16;1.051685003750532;0.8161718233370328;0.816828976914517
generate_trend_drift;1;50000;None;Baseline;64;32;1.0676630093956647;0.8244561462989846;0.8244344581387644
generate_trend_drift;1;50000;None;Baseline;64;64;1.0883064807062057;0.8319318728967832;0.8319345324711134
generate_trend_drift;3;20000;None;Baseline;16;16;1.0678044616417715;0.8195123218706017;0.8217210606172282
generate_trend_drift;3;20000;None;Baseline;16;32;1.0652250134784826;0.8212517769963475;0.8216430778735228
generate_trend_drift;3;20000;None;Baseline;16;64;1.0863560326781199;0.83006222624504;0.8300922790783092
generate_trend_drift;3;20000;None;Baseline;32;16;1.0623654586771987;0.817337365633882;0.8197370411316791
generate_trend_drift;3;20000;None;Baseline;32;32;1.0648246084672104;0.8206098443548735;0.8211896608937912
generate_trend_drift;3;20000;None;Baseline;32;64;1.0873858482586327;0.8300056985005487;0.8303428631515066
generate_trend_drift;3;20000;None;Baseline;64;16;1.0596201540494106;0.8162669624431422;0.8187634483371532
generate_trend_drift;3;20000;None;Baseline;64;32;1.0637242112445273;0.819898541568566;0.8208276316594373
generate_trend_drift;3;20000;None;Baseline;64;64;1.0872805152649763;0.8301712449844071;0.8306911706626954
generate_trend_drift;3;50000;None;Baseline;16;16;1.0480911362327499;0.8149163283378505;0.8155581312480343
generate_trend_drift;3;50000;None;Baseline;16;32;1.0579402900072925;0.8195781000714835;0.8197595158436062
generate_trend_drift;3;50000;None;Baseline;16;64;1.0798063422634758;0.8288213784066853;0.8289164718233121
generate_trend_drift;3;50000;None;Baseline;32;16;1.0485240608533124;0.8149516421698376;0.8158261999070004
generate_trend_drift;3;50000;None;Baseline;32;32;1.059821001821071;0.8201649126833523;0.8204993635073718
generate_trend_drift;3;50000;None;Baseline;32;64;1.0800200900808452;0.8282036977416479;0.8284341505012538
generate_trend_drift;3;50000;None;Baseline;64;16;1.0510812802545004;0.8151863720921886;0.8167473348125041
generate_trend_drift;3;50000;None;Baseline;64;32;1.058668224221127;0.8195888187826452;0.8201065676128886
generate_trend_drift;3;50000;None;Baseline;64;64;1.079602033264115;0.8281044786789645;0.8283016221735132
generate_trend_drift;5;20000;None;Baseline;16;16;1.0656374794022971;0.8190724325253109;0.8216557764654027
generate_trend_drift;5;20000;None;Baseline;16;32;1.0704725110888282;0.8233891701115361;0.824397120831327
generate_trend_drift;5;20000;None;Baseline;16;64;1.0853738287268095;0.8294238500121961;0.8296285836682994
generate_trend_drift;5;20000;None;Baseline;32;16;1.0602991842009568;0.8172209132397728;0.8194937206612966
generate_trend_drift;5;20000;None;Baseline;32;32;1.068781498930408;0.8225397014706562;0.8233432034955909
generate_trend_drift;5;20000;None;Baseline;32;64;1.086457767046084;0.8294138767741399;0.8297397391393017
generate_trend_drift;5;20000;None;Baseline;64;16;1.0715806902397973;0.8180134831030463;0.8230307402625907
generate_trend_drift;5;20000;None;Baseline;64;32;1.0699614449036527;0.8222207632467892;0.8236164537256204
generate_trend_drift;5;20000;None;Baseline;64;64;1.0854777590517235;0.8294104995760819;0.8298335006373844
generate_trend_drift;5;50000;None;Baseline;16;16;1.0404675669322085;0.8119218130221002;0.81296904224076
generate_trend_drift;5;50000;None;Baseline;16;32;1.0498025496826242;0.8164672995354141;0.8168548007555921
generate_trend_drift;5;50000;None;Baseline;16;64;1.068139265073142;0.8239627654923963;0.8240765013716216
generate_trend_drift;5;50000;None;Baseline;32;16;1.0425031149853714;0.8125795058705626;0.813805863728226
generate_trend_drift;5;50000;None;Baseline;32;32;1.0511352731025532;0.8167718299507649;0.8173421315800815
generate_trend_drift;5;50000;None;Baseline;32;64;1.0689896009893176;0.8241716302943585;0.8243063059358867
generate_trend_drift;5;50000;None;Baseline;64;16;1.045067693850288;0.8126067365743747;0.8146627166798444
generate_trend_drift;5;50000;None;Baseline;64;32;1.0508464310529242;0.8167861667758203;0.8172837658228758
generate_trend_drift;5;50000;None;Baseline;64;64;1.0702871271200471;0.8246269531254117;0.8248715196911172
generate_seasonal_drift;1;20000;None;Baseline;16;16;10.723612070040915;2.580158234442428;2.5789905603649954
generate_seasonal_drift;1;20000;None;Baseline;16;32;22.586266615972992;3.885007359123242;3.8670134774914042
generate_seasonal_drift;1;20000;None;Baseline;16;64;45.76330704356397;5.415047005614247;5.3789439641731125
generate_seasonal_drift;1;20000;None;Baseline;32;16;11.46721433521213;2.6099370832135387;2.6078864730227043
generate_seasonal_drift;1;20000;None;Baseline;32;32;16.579917649852074;3.1677220763585003;3.1572086695426456
generate_seasonal_drift;1;20000;None;Baseline;32;64;78.55063019942847;7.399598176503897;7.343722967305205
generate_seasonal_drift;1;20000;None;Baseline;64;16;8.171013284407717;2.2044677867864095;2.206892077867121
generate_seasonal_drift;1;20000;None;Baseline;64;32;29.37021288267785;4.293274076132962;4.271017614669835
generate_seasonal_drift;1;20000;None;Baseline;64;64;40.473413671151135;5.12237341704759;5.089048964682822
generate_seasonal_drift;1;50000;None;Baseline;16;16;8.604972590306751;2.291046455624105;2.29145734377121
generate_seasonal_drift;1;50000;None;Baseline;16;32;14.423215067200557;2.974778081910838;2.9712017681488407
generate_seasonal_drift;1;50000;None;Baseline;16;64;24.517979409917704;4.0172154588928075;4.008400506731248
generate_seasonal_drift;1;50000;None;Baseline;32;16;7.092793932027186;2.073204425640578;2.0745069123922364
generate_seasonal_drift;1;50000;None;Baseline;32;32;27.577406350929945;4.342945904220508;4.334012927591868
generate_seasonal_drift;1;50000;None;Baseline;32;64;38.55744148420165;4.873702676909113;4.8614538458505185
generate_seasonal_drift;1;50000;None;Baseline;64;16;5.970137697778246;1.9074846538100232;1.9091360494448932
generate_seasonal_drift;1;50000;None;Baseline;64;32;9.779544101298674;2.3850834855359024;2.383719227448773
generate_seasonal_drift;1;50000;None;Baseline;64;64;42.789500001559595;5.209604999147493;5.196234088341567
generate_seasonal_drift;3;20000;None;Baseline;16;16;9.554001349409418;2.425282266820572;2.425340856808917
generate_seasonal_drift;3;20000;None;Baseline;16;32;13.028857023332135;2.84902071592812;2.842609256972746
generate_seasonal_drift;3;20000;None;Baseline;16;64;36.62317404283988;4.8132257929757625;4.785430583815792
generate_seasonal_drift;3;20000;None;Baseline;32;16;7.582645893543322;2.130811771254398;2.135784670888545
generate_seasonal_drift;3;20000;None;Baseline;32;32;15.984255465572833;3.076677516406181;3.0679984164363794
generate_seasonal_drift;3;20000;None;Baseline;32;64;38.97963267565296;5.089974622441759;5.059836409284542
generate_seasonal_drift;3;20000;None;Baseline;64;16;6.182815043450911;1.9286008450658136;1.9367399368133176
generate_seasonal_drift;3;20000;None;Baseline;64;32;10.800351551746804;2.4880726419484755;2.4856023895815853
generate_seasonal_drift;3;20000;None;Baseline;64;64;49.27541294121251;5.569198119057954;5.533540769056365
generate_seasonal_drift;3;50000;None;Baseline;16;16;7.534907375766858;2.1504549753265447;2.151977841780794
generate_seasonal_drift;3;50000;None;Baseline;16;32;22.744411262814108;3.866183000099914;3.8594579901155703
generate_seasonal_drift;3;50000;None;Baseline;16;64;34.53982545458243;4.720931108958067;4.710028208150882
generate_seasonal_drift;3;50000;None;Baseline;32;16;6.79282531917242;2.025921104388766;2.0277379386242105
generate_seasonal_drift;3;50000;None;Baseline;32;32;11.241543569887972;2.5809606794976663;2.579603335386759
generate_seasonal_drift;3;50000;None;Baseline;32;64;39.66358240462128;5.155979166530919;5.143355588031827
generate_seasonal_drift;3;50000;None;Baseline;64;16;5.593471528671995;1.8510558751324497;1.8537520044157423
generate_seasonal_drift;3;50000;None;Baseline;64;32;7.548766155132291;2.125295178519942;2.1259311348168812
generate_seasonal_drift;3;50000;None;Baseline;64;64;76.48306625768494;7.196761571884121;7.175842466447992
generate_seasonal_drift;5;20000;None;Baseline;16;16;9.312898657740645;2.387405481430687;2.389964554345517
generate_seasonal_drift;5;20000;None;Baseline;16;32;25.785836257352557;4.119652163908582;4.102851845259913
generate_seasonal_drift;5;20000;None;Baseline;16;64;30.879193126976347;4.585358930069417;4.559959272656432
generate_seasonal_drift;5;20000;None;Baseline;32;16;7.5933226772689615;2.1492296000373967;2.1534738887164098
generate_seasonal_drift;5;20000;None;Baseline;32;32;9.780559124238863;2.4291360041242407;2.428645246160718
generate_seasonal_drift;5;20000;None;Baseline;32;64;72.22646461615528;6.882165629649429;6.834412615528354
generate_seasonal_drift;5;20000;None;Baseline;64;16;5.897248975320624;1.8880790981110236;1.8959767018148845
generate_seasonal_drift;5;20000;None;Baseline;64;32;13.498798465554678;2.687786154874421;2.6832742809936896
generate_seasonal_drift;5;20000;None;Baseline;64;64;52.954825394421015;5.780203266733775;5.743112221394589
generate_seasonal_drift;5;50000;None;Baseline;16;16;6.9293604573658545;2.0716944913144233;2.073727679385526
generate_seasonal_drift;5;50000;None;Baseline;16;32;15.138418684092487;3.075494154807948;3.0727060932055514
generate_seasonal_drift;5;50000;None;Baseline;16;64;28.103296588790464;4.331455507573682;4.3223136126167505
generate_seasonal_drift;5;50000;None;Baseline;32;16;6.230586623716505;1.9476734405083052;1.9505982816265852
generate_seasonal_drift;5;50000;None;Baseline;32;32;10.162300908026783;2.4584439679411108;2.4581186685247722
generate_seasonal_drift;5;50000;None;Baseline;32;64;42.00775501151828;5.244481846166516;5.231922076755
generate_seasonal_drift;5;50000;None;Baseline;64;16;5.226802654350163;1.7912763155339029;1.7948388388723275
generate_seasonal_drift;5;50000;None;Baseline;64;32;9.121056360323298;2.2718144590214653;2.2725998637597984
generate_seasonal_drift;5;50000;None;Baseline;64;64;35.259975526761174;4.810733385364159;4.799713533289924
generate_ar1_drift;1;20000;None;Baseline;16;16;1.1813672462387876;0.862522463719244;0.8622659686723074
generate_ar1_drift;1;20000;None;Baseline;16;32;1.2475362669816252;0.8867406819238863;0.8863247209174515
generate_ar1_drift;1;20000;None;Baseline;16;64;4.828143923653062;1.7563271926869897;1.7470696310949303
generate_ar1_drift;1;20000;None;Baseline;32;16;1.1916858823890568;0.8665104741726443;0.8654747126573943
generate_ar1_drift;1;20000;None;Baseline;32;32;1.3562082158711293;0.9211532339138813;0.9198708656275323
generate_ar1_drift;1;20000;None;Baseline;32;64;3.248371857854741;1.4130005932520122;1.4069003872890533
generate_ar1_drift;1;20000;None;Baseline;64;16;1.1846644077821666;0.8633712057281927;0.8627948127921723
generate_ar1_drift;1;20000;None;Baseline;64;32;1.2505264460948975;0.8850401896139122;0.8843986619761689
generate_ar1_drift;1;20000;None;Baseline;64;64;4.838174784026768;1.7492149268297894;1.74022422285237
generate_ar1_drift;1;50000;None;Baseline;16;16;1.1194145948664491;0.8415941640540776;0.8414243076009363
generate_ar1_drift;1;50000;None;Baseline;16;32;1.2647550285645042;0.8894736935685285;0.8892733173656681
generate_ar1_drift;1;50000;None;Baseline;16;64;1.4928076309268579;0.9580234511123208;0.9575665844002546
generate_ar1_drift;1;50000;None;Baseline;32;16;1.1125188846192213;0.8392495573590844;0.8390222633357
generate_ar1_drift;1;50000;None;Baseline;32;32;1.2107204484702325;0.8738614144646171;0.8734851320130621
generate_ar1_drift;1;50000;None;Baseline;32;64;4.762276744267872;1.7238077109266454;1.7201933201044737
generate_ar1_drift;1;50000;None;Baseline;64;16;1.1241643589481884;0.8442386595119057;0.8440367229002373
generate_ar1_drift;1;50000;None;Baseline;64;32;1.1405805626033578;0.8487950545657256;0.8487612404598146
generate_ar1_drift;1;50000;None;Baseline;64;64;3.2854922617547357;1.4179353315057306;1.4156644873810291
generate_ar1_drift;3;20000;None;Baseline;16;16;1.2301546141401962;0.8813673510095907;0.8809677405105576
generate_ar1_drift;3;20000;None;Baseline;16;32;1.256742416842794;0.8908141843486217;0.8900984358612205
generate_ar1_drift;3;20000;None;Baseline;16;64;1.853644641318497;1.0753686707554395;1.073183723784658
generate_ar1_drift;3;20000;None;Baseline;32;16;1.1996828415810972;0.8708548479008683;0.8703972062264652
generate_ar1_drift;3;20000;None;Baseline;32;32;1.2397376702967204;0.8853643442350952;0.8851128096378093
generate_ar1_drift;3;20000;None;Baseline;32;64;4.664249908941458;1.7036399010785;1.6952671961043961
generate_ar1_drift;3;20000;None;Baseline;64;16;1.2032188488594964;0.8725299584532696;0.8723632256830423
generate_ar1_drift;3;20000;None;Baseline;64;32;1.2255999383721785;0.8800329772994551;0.8799354839779625
generate_ar1_drift;3;20000;None;Baseline;64;64;2.3931382792083356;1.2171035602205786;1.2142183015222607
generate_ar1_drift;3;50000;None;Baseline;16;16;1.1300689194368703;0.8457340747959806;0.8457955192094376
generate_ar1_drift;3;50000;None;Baseline;16;32;1.1565587191144773;0.8554646292449007;0.8553016302444872
generate_ar1_drift;3;50000;None;Baseline;16;64;1.4244557056109768;0.9432645091780807;0.9428596132845265
generate_ar1_drift;3;50000;None;Baseline;32;16;1.130873753430163;0.8460575749021977;0.8461303955257959
generate_ar1_drift;3;50000;None;Baseline;32;32;1.1631807212943293;0.8571763910430767;0.857083297267681
generate_ar1_drift;3;50000;None;Baseline;32;64;2.0897700014007916;1.1370504362019762;1.13587735115073
generate_ar1_drift;3;50000;None;Baseline;64;16;1.13069963823384;0.8458888589262382;0.8458797549351439
generate_ar1_drift;3;50000;None;Baseline;64;32;1.1334947181001653;0.8465479524326371;0.8465588519243984
generate_ar1_drift;3;50000;None;Baseline;64;64;4.665305457684634;1.7130306423392605;1.7097997059680055
generate_ar1_drift;5;20000;None;Baseline;16;16;1.2329773672215034;0.8808463730473455;0.8809491827550103
generate_ar1_drift;5;20000;None;Baseline;16;32;1.2609118260135628;0.8927161582629579;0.8923226068310105
generate_ar1_drift;5;20000;None;Baseline;16;64;5.035931609263398;1.7877269933734061;1.7787544934677066
generate_ar1_drift;5;20000;None;Baseline;32;16;1.2255197007918281;0.8787968351150344;0.8791316867763481
generate_ar1_drift;5;20000;None;Baseline;32;32;1.2920568619137833;0.9021761063583384;0.9022770201364227
generate_ar1_drift;5;20000;None;Baseline;32;64;4.906562496502234;1.7611707411406827;1.7525923743393297
generate_ar1_drift;5;20000;None;Baseline;64;16;1.1955866305201734;0.8702665512091563;0.8701701725599166
generate_ar1_drift;5;20000;None;Baseline;64;32;1.2324630271197359;0.8818533324554934;0.8819030547752994
generate_ar1_drift;5;20000;None;Baseline;64;64;4.811322679568548;1.7464639670418685;1.7382690214550491
generate_ar1_drift;5;50000;None;Baseline;16;16;1.1378599449825755;0.8489593718270886;0.8491573092881256
generate_ar1_drift;5;50000;None;Baseline;16;32;1.157169516346055;0.8560964087865206;0.8561610631537702
generate_ar1_drift;5;50000;None;Baseline;16;64;1.9219435885802998;1.0950866619840174;1.0941991503927295
generate_ar1_drift;5;50000;None;Baseline;32;16;1.1289830537719747;0.8462844750296945;0.8464721138999128
generate_ar1_drift;5;50000;None;Baseline;32;32;1.1606200348836884;0.8575020284716627;0.857544571981508
generate_ar1_drift;5;50000;None;Baseline;32;64;5.169808150488577;1.815272904966781;1.8115954520464124
generate_ar1_drift;5;50000;None;Baseline;64;16;1.1436319091028746;0.8505768795070843;0.8507894338780011
generate_ar1_drift;5;50000;None;Baseline;64;32;1.1484780057111994;0.8532107891714692;0.8533342256963024
generate_ar1_drift;5;50000;None;Baseline;64;64;5.044410481782177;1.7901785884144716;1.7867416372222515
